"Aberdeen, MD"
"Aberdeen, NC"
"Aberdeen, SD"
"Aberdeen, WA"
"Abilene, TX"
"Abingdon, MD"
"Abington, MA"
"Acton, MA"
"Acworth, GA"
"Ada, OH"
"Ada, OK"
"Adairsville, GA"
"Addison, IL"
"Addison, TX"
"Adel, IA"
"Adelanto, CA"
"Adelphi, MD"
"Advance, NC"
"Agoura Hills, CA"
"Aiea, HI"
"Aiken, SC"
"Airway Heights, WA"
"Akron, OH"
"Alabaster, AL"
"Alachua, FL"
"Alameda, CA"
"Alamo Heights, TX"
"Alamo, CA"
"Alamogordo, NM"
"Alamosa, CO"
"Albany, CA"
"Albany, GA"
"Albany, NY"
"Albany, OR"
"Albemarle, NC"
"Albuquerque, NM"
"Alcoa, TN"
"Aldie, VA"
"Aledo, IL"
"Aledo, TX"
"Alexander, AR"
"Alexandria, LA"
"Alexandria, MN"
"Alexandria, VA"
"Algonquin, IL"
"Alhambra, CA"
"Aliquippa, PA"
"Aliso Viejo, CA"
"Allen Park, MI"
"Allen, TX"
"Allendale, NJ"
"Allentown, PA"
"Alliance, OH"
"Allison Park, PA"
"Allouez, WI"
"Alma, AR"
"Alpharetta, GA"
"Alpine, CA"
"Alsip, IL"
"Altadena, CA"
"Altamonte Springs, FL"
"Alton, IL"
"Alton, TX"
"Altoona, IA"
"Altoona, PA"
"Altoona, WI"
"Alva, FL"
"Alvin, TX"
"Amagansett, NY"
"Amarillo, TX"
"Ambler, PA"
"Ambridge, PA"
"Amelia, OH"
"American Canyon, CA"
"American Fork, UT"
"Ames, IA"
"Amherst, MA"
"Amityville, NY"
"Ammon, ID"
"Amsterdam, NY"
"Anacortes, WA"
"Anaheim, CA"
"Anchorage, AK"
"Anderson Mill, TX"
"Anderson, CA"
"Anderson, IN"
"Anderson, SC"
"Andover, KS"
"Andover, MA"
"Angier, NC"
"Angleton, TX"
"Angola, IN"
"Ankeny, IA"
"Ann Arbor, MI"
"Anna, TX"
"Annandale, VA"
"Annapolis Junction, MD"
"Annapolis, MD"
"Anniston, AL"
"Anoka, MN"
"Ansonia, CT"
"Antelope, CA"
"Anthem, AZ"
"Antioch, CA"
"Apache Junction, AZ"
"Apex, NC"
"Apollo Beach, FL"
"Apopka, FL"
"Apple Valley, CA"
"Apple Valley, MN"
"Appleton, WI"
"Aptos, CA"
"Arcadia, CA"
"Arcata, CA"
"Archdale, NC"
"Arden, NC"
"Ardmore, OK"
"Ardmore, PA"
"Argyle, TX"
"Arizona City, AZ"
"Arlington Heights, IL"
"Arlington, MA"
"Arlington, TN"
"Arlington, TX"
"Arlington, VA"
"Arlington, WA"
"Arnold, MD"
"Arnold, MO"
"Arroyo Grande, CA"
"Artesia, CA"
"Artesia, NM"
"Arvada, CO"
"Asbury Park, NJ"
"Ashburn, VA"
"Asheboro, NC"
"Asheville, NC"
"Ashland City, TN"
"Ashland, MA"
"Ashland, OH"
"Ashland, OR"
"Ashland, VA"
"Aspen, CO"
"Astoria, OR"
"Atascadero, CA"
"Atascocita, TX"
"Atchison, KS"
"Athens, AL"
"Athens, GA"
"Athens, TN"
"Athens, TX"
"Athol, MA"
"Atlanta, GA"
"Atlantic Beach, FL"
"Atlantic City, NJ"
"Atlantic Highlands, NJ"
"Attleboro, MA"
"Atwater, CA"
"Aubrey, TX"
"Auburn Hills, MI"
"Auburn, AL"
"Auburn, CA"
"Auburn, GA"
"Auburn, MA"
"Auburn, ME"
"Auburn, NY"
"Auburn, WA"
"Auburndale, FL"
"Audubon, NJ"
"Augusta, GA"
"Augusta, ME"
"Aurora, CO"
"Aurora, IL"
"Austell, GA"
"Austin, MN"
"Austin, TX"
"Austintown, OH"
"Ave Maria, FL"
"Aventura, FL"
"Avon Lake, OH"
"Avon Park, FL"
"Avon, IN"
"Avon, OH"
"Avondale, AZ"
"Azle, TX"
"Azusa, CA"
"Babylon, NY"
"Bacliff, TX"
"Bainbridge Island, WA"
"Baker, LA"
"Bakersfield, CA"
"Bal Harbour, FL"
"Bala-Cynwyd, PA"
"Balch Springs, TX"
"Baldwin Park, CA"
"Baldwinsville, NY"
"Ballston Spa, NY"
"Ballwin, MO"
"Baltimore, MD"
"Bangor, ME"
"Banning, CA"
"Barberton, OH"
"Bardstown, KY"
"Barnstable, MA"
"Barrington, IL"
"Barrington, RI"
"Barstow, CA"
"Bartlesville, OK"
"Bartlett, TN"
"Bartow, FL"
"Basalt, CO"
"Basking Ridge, NJ"
"Bastrop, TX"
"Batavia, OH"
"Baton Rouge, LA"
"Battle Creek, MI"
"Battle Ground, WA"
"Bay City, MI"
"Bay City, TX"
"Bay Harbor Islands, FL"
"Bay Minette, AL"
"Bay Saint Louis, MS"
"Bay Shore, NY"
"Bay Village, OH"
"Bayonne, NJ"
"Baytown, TX"
"Bayville, NJ"
"Beachwood, OH"
"Beacon, NY"
"Bear, DE"
"Beatrice, NE"
"Beaufort, SC"
"Beaumont, CA"
"Beaumont, TX"
"Beaver Falls, PA"
"Beaver, PA"
"Beavercreek, OH"
"Beaverton, OR"
"Beckley, WV"
"Bedford Heights, OH"
"Bedford, MA"
"Bedford, NH"
"Bedford, OH"
"Bedford, TX"
"Bedminster, NJ"
"Beech Grove, IN"
"Bel Air, MD"
"Belcamp, MD"
"Belfair, WA"
"Belgrade, MT"
"Bell Gardens, CA"
"Bella Vista, AR"
"Bellaire, TX"
"Belle Chasse, LA"
"Belle Haven, VA"
"Belleair Beach, FL"
"Belleair Bluffs, FL"
"Belleair, FL"
"Bellefontaine Neighbors, MO"
"Bellefontaine, OH"
"Bellefonte, PA"
"Belleview, FL"
"Belleville, IL"
"Belleville, MI"
"Belleville, NJ"
"Bellevue, KY"
"Bellevue, NE"
"Bellevue, WA"
"Bellflower, CA"
"Bellingham, MA"
"Bellingham, WA"
"Bellmawr, NJ"
"Bellwood, VA"
"Belmont, CA"
"Belmont, MA"
"Belmont, NC"
"Beloit, WI"
"Belton, MO"
"Belton, TX"
"Beltsville, MD"
"Belville, NC"
"Bemidji, MN"
"Benbrook, TX"
"Bend, OR"
"Benicia, CA"
"Bennington, NE"
"Bensalem, PA"
"Bensenville, IL"
"Benton Harbor, MI"
"Benton, AR"
"Bentonville, AR"
"Berea, KY"
"Berea, OH"
"Berkeley, CA"
"Berkeley, MO"
"Berkley, MI"
"Berlin, MA"
"Berlin, MD"
"Berthoud, CO"
"Berwyn, IL"
"Berwyn, PA"
"Bessemer City, NC"
"Bessemer, AL"
"Bethany, OK"
"Bethel Park, PA"
"Bethesda, MD"
"Bethlehem, GA"
"Bethlehem, PA"
"Bettendorf, IA"
"Beverly Hills, CA"
"Beverly Hills, FL"
"Beverly, MA"
"Biddeford, ME"
"Big Bear City, CA"
"Big Bear Lake, CA"
"Big Lake, MN"
"Big Rapids, MI"
"Big Spring, TX"
"Billerica, MA"
"Billings, MT"
"Biloxi, MS"
"Binghamton, NY"
"Birmingham, AL"
"Birmingham, MI"
"Bismarck, ND"
"Bixby, OK"
"Black Diamond, WA"
"Black Jack, MO"
"Black Mountain, NC"
"Blacklick, OH"
"Blacksburg, VA"
"Blackwood, NJ"
"Bladensburg, MD"
"Blaine, MN"
"Blaine, WA"
"Bloomfield Hills, MI"
"Bloomfield, CT"
"Bloomfield, NJ"
"Bloomingdale, GA"
"Bloomingdale, IL"
"Bloomington, IL"
"Bloomington, IN"
"Bloomington, MN"
"Bloomsburg, PA"
"Blue Ash, OH"
"Blue Bell, PA"
"Blue Mounds, WI"
"Blue Springs, MO"
"Bluefield, WV"
"Bluffdale, UT"
"Bluffton, SC"
"Blythewood, SC"
"Boardman, OH"
"Boca Raton, FL"
"Boerne, TX"
"Bohemia, NY"
"Boiling Springs, SC"
"Boise, ID"
"Bolingbrook, IL"
"Bolivar, MO"
"Bolivia, NC"
"Bonaire, GA"
"Bonanza, GA"
"Bonita Springs, FL"
"Bonita, CA"
"Bonney Lake, WA"
"Bonsall, CA"
"Boone, IA"
"Boone, NC"
"Boonton, NJ"
"Bordentown Township, NJ"
"Bossier City, LA"
"Boston, MA"
"Bothell, WA"
"Boulder City, NV"
"Boulder, CO"
"Bound Brook, NJ"
"Bountiful, UT"
"Bourbonnais, IL"
"Bowie, MD"
"Bowie, TX"
"Bowling Green, KY"
"Bowling Green, OH"
"Box Elder, SD"
"Boynton Beach, FL"
"Bozeman, MT"
"Braddock, PA"
"Bradenton, FL"
"Bradley Beach, NJ"
"Bradley, IL"
"Brainerd, MN"
"Braintree, MA"
"Branchburg Township, NJ"
"Brandon, FL"
"Brandon, MS"
"Brandywine, MD"
"Branford, CT"
"Branson, MO"
"Braselton, GA"
"Brattleboro, VT"
"Brea, CA"
"Breckenridge, CO"
"Breinigsville, PA"
"Bremen, GA"
"Bremerton, WA"
"Brenham, TX"
"Brentwood, CA"
"Brentwood, MO"
"Brentwood, PA"
"Brentwood, TN"
"Brevard, NC"
"Brewer, ME"
"Brick, NJ"
"Bridge City, TX"
"Bridgehampton, NY"
"Bridgeport, CT"
"Bridgeview, IL"
"Bridgeville, PA"
"Bridgewater Township, NJ"
"Bridgewater, MA"
"Brigantine, NJ"
"Brighton, CO"
"Brisbane, CA"
"Bristol, CT"
"Bristol, RI"
"Bristol, TN"
"Bristol, VA"
"Bristow, VA"
"Brockport, NY"
"Brockton, MA"
"Broken Arrow, OK"
"Brookfield, CT"
"Brookfield, IL"
"Brookfield, WI"
"Brookhaven, GA"
"Brookhaven, PA"
"Brookings, SD"
"Brookline, MA"
"Brooklyn Center, MN"
"Brooklyn Park, MD"
"Brooklyn Park, MN"
"Brookshire, TX"
"Brooksville, FL"
"Broomfield, CO"
"Broussard, LA"
"Brown Deer, WI"
"Brownsburg, IN"
"Brownstown, MI"
"Brownsville, FL"
"Brownsville, TX"
"Brunswick, GA"
"Brunswick, ME"
"Brunswick, OH"
"Bryan, TX"
"Bryant, AR"
"Bryn Mawr, PA"
"Bryn Mawr-Skyway, WA"
"Buckeye, AZ"
"Buda, TX"
"Budd Lake, NJ"
"Buellton, CA"
"Buena Park, CA"
"Buena Vista, VA"
"Buffalo Grove, IL"
"Buffalo, MN"
"Buffalo, NY"
"Buford, GA"
"Bullard, TX"
"Bullhead City, AZ"
"Bulverde, TX"
"Bunnell, FL"
"Burbank, CA"
"Burien, WA"
"Burkburnett, TX"
"Burke, VA"
"Burleson, TX"
"Burlingame, CA"
"Burlington Township, NJ"
"Burlington, IA"
"Burlington, KY"
"Burlington, MA"
"Burlington, NC"
"Burlington, VT"
"Burlington, WA"
"Burnsville, MN"
"Burtonsville, MD"
"Butler, PA"
"Butte, MT"
"Byron, GA"
"Cabot, AR"
"Cahokia, IL"
"Calabasas, CA"
"Caldwell, ID"
"Caldwell, NJ"
"Calera, AL"
"Calhoun, GA"
"California City, CA"
"California, MD"
"Calimesa, CA"
"Calistoga, CA"
"Callaway, FL"
"Calumet City, IL"
"Calumet Park, IL"
"Camarillo, CA"
"Camas, WA"
"Cambridge, MA"
"Camden, NJ"
"Camden, SC"
"Camdenton, MO"
"Cameron, NC"
"Camillus, NY"
"Camp Hill, PA"
"Campbell, CA"
"Canandaigua, NY"
"Canby, OR"
"Candler, NC"
"Canon City, CO"
"Canonsburg, PA"
"Canton, GA"
"Canton, MA"
"Canton, MI"
"Canton, MS"
"Canton, NC"
"Canton, OH"
"Canton, TX"
"Cantonment, FL"
"Canyon Lake, CA"
"Canyon Lake, TX"
"Canyon, TX"
"Cape Canaveral, FL"
"Cape Coral, FL"
"Cape Girardeau, MO"
"Capitol Heights, MD"
"Capitola, CA"
"Carbondale, CO"
"Carbondale, IL"
"Carbondale, PA"
"Carlisle, PA"
"Carlsbad, CA"
"Carlsbad, NM"
"Carmel, IN"
"Carmel-by-the-Sea, CA"
"Carmichael, CA"
"Carnegie, PA"
"Carney, MD"
"Carol Stream, IL"
"Carpentersville, IL"
"Carpinteria, CA"
"Carrboro, NC"
"Carrollton, GA"
"Carrollton, TX"
"Carson City, NV"
"Carson, CA"
"Carteret, NJ"
"Cartersville, GA"
"Carthage, NC"
"Cary, NC"
"Casa Grande, AZ"
"Cashmere, WA"
"Casper, WY"
"Casselberry, FL"
"Castle Hayne, NC"
"Castle Pines, CO"
"Castle Point, MO"
"Castle Rock, CO"
"Castro Valley, CA"
"Catasauqua, PA"
"Cathedral City, CA"
"Catonsville, MD"
"Catskill, NY"
"Cayce, SC"
"Cedar City, UT"
"Cedar Falls, IA"
"Cedar Hill, TX"
"Cedar Knolls, NJ"
"Cedar Lake, IN"
"Cedar Park, TX"
"Cedar Rapids, IA"
"Celina, TX"
"Centennial, CO"
"Center Point, AL"
"Centerton, AR"
"Centerville, OH"
"Central Falls, RI"
"Central Islip, NY"
"Central Point, OR"
"Central, SC"
"Centralia, WA"
"Centreville, VA"
"Century Village, FL"
"Ceres, CA"
"Cerritos, CA"
"Chadds Ford, PA"
"Chalmette, LA"
"Chambersburg, PA"
"Chamblee, GA"
"Champaign, IL"
"Champlin, MN"
"Chandler, AZ"
"Chanhassen, MN"
"Channelview, TX"
"Chantilly, VA"
"Chapel Hill, NC"
"Chapin, SC"
"Chardon, OH"
"Charles Town, WV"
"Charleston, SC"
"Charleston, WV"
"Charlestown, IN"
"Charlotte, NC"
"Charlottesville, VA"
"Chaska, MN"
"Chatham, NJ"
"Chattanooga, TN"
"Chehalis, WA"
"Chelmsford, MA"
"Chelsea, AL"
"Chelsea, MA"
"Cheney, WA"
"Cherry Creek, CO"
"Cherry Hill, NJ"
"Chesapeake, VA"
"Cheshire, CT"
"Chester, NY"
"Chester, PA"
"Chester, VA"
"Chesterfield, MI"
"Chesterfield, MO"
"Chesterfield, VA"
"Chesterton, IN"
"Cheviot, OH"
"Chevy Chase, MD"
"Cheyenne, WY"
"Chicago Ridge, IL"
"Chicago, IL"
"Chickasha, OK"
"Chico, CA"
"Chicopee, MA"
"Chillum, MD"
"China Grove, NC"
"Chino Hills, CA"
"Chino Valley, AZ"
"Chino, CA"
"Chippewa Falls, WI"
"Choctaw, OK"
"Chowchilla, CA"
"Christiansburg, VA"
"Chubbuck, ID"
"Chula Vista, CA"
"Cibolo, TX"
"Cicero, IL"
"Cincinnati, OH"
"Cinco Ranch, TX"
"Citrus Heights, CA"
"Citrus Park, FL"
"Clackamas, OR"
"Clairton, PA"
"Clanton, AL"
"Claremont, CA"
"Claremont, NH"
"Claremore, OK"
"Clarendon Hills, IL"
"Clarks Summit, PA"
"Clarksburg, MD"
"Clarksburg, WV"
"Clarkston, GA"
"Clarkston, MI"
"Clarksville, AR"
"Clarksville, IN"
"Clarksville, TN"
"Clawson, MI"
"Clay, AL"
"Claymont, DE"
"Clayton, MO"
"Clayton, NC"
"Clearfield, UT"
"Clearwater, FL"
"Cleburne, TX"
"Clementon, NJ"
"Clemmons, NC"
"Clemson, SC"
"Clermont, FL"
"Cleveland Heights, OH"
"Cleveland, OH"
"Cleveland, TN"
"Cleveland, TX"
"Cliffside Park, NJ"
"Clifton Heights, PA"
"Clifton Park, NY"
"Clifton, CO"
"Clifton, NJ"
"Clinton Township, MI"
"Clinton, IA"
"Clinton, MA"
"Clinton, MS"
"Clinton, TN"
"Clinton, UT"
"Clover Creek, WA"
"Clover, SC"
"Cloverdale, CA"
"Clovis, CA"
"Clovis, NM"
"Clute, TX"
"Coalinga, CA"
"Coatesville, PA"
"Cockeysville, MD"
"Cocoa Beach, FL"
"Cocoa, FL"
"Coconut Creek, FL"
"Cody, WY"
"Coeur d'Alene, ID"
"Cohoes, NY"
"Cold Spring, KY"
"College Park, GA"
"College Park, MD"
"College Place, WA"
"College Station, TX"
"Collegeville, PA"
"Collierville, TN"
"Collingdale, PA"
"Collingswood, NJ"
"Collinsville, IL"
"Collinsville, OK"
"Colonia, NJ"
"Colonial Beach, VA"
"Colonial Heights, VA"
"Colorado Springs, CO"
"Colton, CA"
"Columbia Heights, MN"
"Columbia, MD"
"Columbia, MO"
"Columbia, PA"
"Columbia, SC"
"Columbia, TN"
"Columbus, GA"
"Columbus, IN"
"Columbus, MS"
"Columbus, NE"
"Columbus, OH"
"Commerce City, CO"
"Commerce Township, MI"
"Commerce, GA"
"Commerce, TX"
"Compton, CA"
"Comstock Northwest, MI"
"Comstock Park, MI"
"Concord, CA"
"Concord, MA"
"Concord, NC"
"Concord, NH"
"Conley, GA"
"Connersville, IN"
"Conroe, TX"
"Conshohocken, PA"
"Converse, TX"
"Conway, AR"
"Conway, SC"
"Conyers, GA"
"Cookeville, TN"
"Coolidge, AZ"
"Coon Rapids, MN"
"Cooper City, FL"
"Coos Bay, OR"
"Copley, OH"
"Coppell, TX"
"Copperas Cove, TX"
"Coral Gables, FL"
"Coral Springs, FL"
"Coralville, IA"
"Coram, NY"
"Coraopolis, PA"
"Corbin, KY"
"Cordova, TN"
"Corinth, TX"
"Cornelius, NC"
"Cornelius, OR"
"Corona, CA"
"Coronado, CA"
"Corpus Christi, TX"
"Corsicana, TX"
"Corte Madera, CA"
"Cortez, CO"
"Cortland, NY"
"Corvallis, OR"
"Costa Mesa, CA"
"Cottage Grove, MN"
"Cottage Grove, WI"
"Cottonwood Heights, UT"
"Cottonwood, AZ"
"Council Bluffs, IA"
"Countryside, IL"
"Coventry, RI"
"Covina, CA"
"Covington, GA"
"Covington, KY"
"Covington, LA"
"Covington, WA"
"Crafton, PA"
"Cranberry Township, PA"
"Crandall, TX"
"Cranford, NJ"
"Cranston, RI"
"Crawfordsville, IN"
"Crawfordville, FL"
"Crescent City, CA"
"Crestline, CA"
"Crestview, FL"
"Creve Coeur, MO"
"Crofton, MD"
"Cromwell, CT"
"Crosby, TX"
"Cross Roads, TX"
"Crowley, TX"
"Crown Point, IN"
"Crozet, VA"
"Crystal Lake, IL"
"Crystal River, FL"
"Crystal, MN"
"Cudahy, WI"
"Cullman, AL"
"Cullowhee, NC"
"Culpeper, VA"
"Culver City, CA"
"Cumberland, MD"
"Cumberland, ME"
"Cumberland, RI"
"Cumming, GA"
"Cupertino, CA"
"Cutler Bay, FL"
"Cuyahoga Falls, OH"
"Cypress, CA"
"Cypress, TX"
"Dacula, GA"
"Dahlonega, GA"
"Dakota Ridge, CO"
"Daleville, AL"
"Dallas, GA"
"Dallas, NC"
"Dallas, OR"
"Dallas, TX"
"Dalton, GA"
"Daly City, CA"
"Damascus, OR"
"Dana Point, CA"
"Danbury, CT"
"Dania Beach, FL"
"Danvers, MA"
"Danville, CA"
"Danville, IL"
"Danville, IN"
"Danville, KY"
"Danville, PA"
"Danville, VA"
"Daphne, AL"
"Darby, PA"
"Darien, CT"
"Darien, IL"
"Davenport, FL"
"Davenport, IA"
"Davidson, NC"
"Davie, FL"
"Davis, CA"
"Dawsonville, GA"
"Dayton, KY"
"Dayton, NV"
"Dayton, OH"
"Dayton, TX"
"Daytona Beach Shores, FL"
"Daytona Beach, FL"
"De Forest, WI"
"De Pere, WI"
"De Soto, KS"
"Dearborn Heights, MI"
"Dearborn, MI"
"Debary, FL"
"Decatur, AL"
"Decatur, GA"
"Decatur, IL"
"Decatur, TX"
"Dedham, MA"
"Deer Park, NY"
"Deer Park, OH"
"Deer Park, TX"
"Deerfield Beach, FL"
"Deerfield, IL"
"Dekalb, IL"
"Del City, OK"
"Del Mar, CA"
"Del Rio, TX"
"Del Valle, TX"
"Deland, FL"
"Delaware, OH"
"Delmar, NY"
"Delray Beach, FL"
"Deltona, FL"
"Denham Springs, LA"
"Denison, TX"
"Denton, TX"
"Denver, CO"
"Denver, NC"
"Depew, NY"
"Derby, CT"
"Derby, KS"
"Deridder, LA"
"Derry, NH"
"Derwood, MD"
"Des Moines, IA"
"Des Moines, WA"
"Des Plaines, IL"
"Desert Hot Springs, CA"
"Desoto, TX"
"Destin, FL"
"Detroit, MI"
"Devon, PA"
"Dewitt, MI"
"Diamond Bar, CA"
"Diamondhead, MS"
"Diberville, MS"
"Dickinson, ND"
"Dickinson, TX"
"Dickson, TN"
"Dillon, CO"
"Discovery Bay, CA"
"District Heights, MD"
"Dixon, CA"
"Dixon, IL"
"Dobbs Ferry, NY"
"Doctor Phillips, FL"
"Dolton, IL"
"Doral, FL"
"Doraville, GA"
"Dothan, AL"
"Douglasville, GA"
"Dover, DE"
"Dover, NH"
"Downers Grove, IL"
"Downey, CA"
"Downingtown, PA"
"Doylestown, PA"
"Dracut, MA"
"Draper, UT"
"Drexel Hill, PA"
"Dripping Springs, TX"
"DuBois, PA"
"Duarte, CA"
"Dublin, CA"
"Dublin, GA"
"Dublin, OH"
"Dubuque, IA"
"Dudley, MA"
"Duluth, GA"
"Duluth, MN"
"Dumfries, VA"
"Duncan, OK"
"Duncan, SC"
"Duncanville, TX"
"Dundalk, MD"
"Dundee, FL"
"Dunedin, FL"
"Dunellen, NJ"
"Dunn, NC"
"Dunnellon, FL"
"Dunsmuir, CA"
"Dunwoody, GA"
"Dupont, WA"
"Durango, CO"
"Durant, OK"
"Durham, NC"
"Dyersburg, TN"
"Eagan, MN"
"Eagle Lake, FL"
"Eagle Mountain, UT"
"Eagle River, AK"
"Eagle, CO"
"Eagle, ID"
"Easley, SC"
"East Amherst, NY"
"East Brunswick, NJ"
"East Chicago, IN"
"East Cleveland, OH"
"East Greenbush, NY"
"East Greenwich, RI"
"East Hampton, NY"
"East Hanover Township, NJ"
"East Hartford, CT"
"East Haven, CT"
"East Highland Park, VA"
"East Lansing, MI"
"East Los Angeles, CA"
"East Lyme, CT"
"East Orange, NJ"
"East Pittsburgh, PA"
"East Point, GA"
"East Providence, RI"
"East Quogue, NY"
"East Ridge, TN"
"East Riverdale, MD"
"East Rockaway, NY"
"East Rutherford, NJ"
"East Stroudsburg, PA"
"East Syracuse, NY"
"East Wenatchee, WA"
"East Windsor Township, NJ"
"Eastampton Township, NJ"
"Easton, MD"
"Easton, PA"
"Eastpointe, MI"
"Eastvale, CA"
"Eatonton, GA"
"Eatontown, NJ"
"Eatonville, FL"
"Eau Claire, WI"
"Eden Isle, LA"
"Eden Prairie, MN"
"Edgewater Park Township, NJ"
"Edgewater, CO"
"Edgewater, FL"
"Edgewater, MD"
"Edgewater, NJ"
"Edgewood, MD"
"Edgewood, WA"
"Edina, MN"
"Edinburg, TX"
"Edison, NJ"
"Edmond, OK"
"Edmonds, WA"
"Edwardsville, IL"
"Egypt Lake-Leto, FL"
"El Cajon, CA"
"El Centro, CA"
"El Cerrito, CA"
"El Dorado Hills, CA"
"El Dorado, KS"
"El Mirage, AZ"
"El Monte, CA"
"El Paso, TX"
"El Portal, FL"
"El Reno, OK"
"El Segundo, CA"
"El Sobrante, CA"
"Elgin, IL"
"Elgin, OK"
"Elgin, SC"
"Elgin, TX"
"Elizabeth City, NC"
"Elizabeth, NJ"
"Elizabethton, TN"
"Elizabethtown, KY"
"Elizabethtown, PA"
"Elk Grove Village, IL"
"Elk Grove, CA"
"Elk River, MN"
"Elkhart, IN"
"Elkins Park, PA"
"Elko, NV"
"Elkridge, MD"
"Elkton, MD"
"Ellensburg, WA"
"Ellenton, FL"
"Ellenwood, GA"
"Ellicott City, MD"
"Ellijay, GA"
"Elmhurst, IL"
"Elmira, NY"
"Elmsford, NY"
"Elmwood Park, IL"
"Elmwood Park, NJ"
"Elmwood, LA"
"Elon, NC"
"Elsmere, KY"
"Elyria, OH"
"Emerson, GA"
"Emeryville, CA"
"Emmaus, PA"
"Emmett, ID"
"Emporia, KS"
"Encinitas, CA"
"Endicott, NY"
"Enfield, CT"
"Englewood, CO"
"Englewood, FL"
"Englewood, NJ"
"Enid, OK"
"Ennis, TX"
"Enola, PA"
"Enterprise, AL"
"Enumclaw, WA"
"Ephrata, PA"
"Ephrata, WA"
"Erie, CO"
"Erie, PA"
"Erlanger, KY"
"Escondido, CA"
"Essex, MD"
"Essex, VT"
"Estero, FL"
"Euclid, OH"
"Eugene, OR"
"Euless, TX"
"Eureka, CA"
"Eustis, FL"
"Evans, CO"
"Evans, GA"
"Evanston, IL"
"Evansville, IN"
"Everett, MA"
"Everett, WA"
"Evergreen, CO"
"Everman, TX"
"Evesham Township, NJ"
"Ewa Beach, HI"
"Ewing, NJ"
"Exton, PA"
"Fair Lawn, NJ"
"Fair Oaks, CA"
"Fairbanks, AK"
"Fairborn, OH"
"Fairburn, GA"
"Fairfax, VA"
"Fairfield, AL"
"Fairfield, CA"
"Fairfield, CT"
"Fairfield, IA"
"Fairfield, OH"
"Fairhope, AL"
"Fairlawn, OH"
"Fairmont, WV"
"Fairport, NY"
"Fairview Heights, IL"
"Fairview Park, OH"
"Fairview, NJ"
"Fairview, OR"
"Fairview, TN"
"Fairview, TX"
"Fall River, MA"
"Fallbrook, CA"
"Falling Waters, WV"
"Fallon, NV"
"Falls Church, VA"
"Falmouth, MA"
"Falmouth, ME"
"Fargo, ND"
"Faribault, MN"
"Farmers Branch, TX"
"Farmingdale, NY"
"Farmington Hills, MI"
"Farmington, AR"
"Farmington, CT"
"Farmington, NM"
"Farmington, NY"
"Farmington, UT"
"Farmville, VA"
"Farragut, TN"
"Fate, TX"
"Fayetteville, AR"
"Fayetteville, GA"
"Fayetteville, NC"
"Feasterville Trevose, PA"
"Federal Heights, CO"
"Federal Way, WA"
"Fenton, MI"
"Fenton, MO"
"Ferguson, MO"
"Fernandina Beach, FL"
"Ferndale, MI"
"Ferndale, WA"
"Fernley, NV"
"Fife, WA"
"Findlay, OH"
"Firestone, CO"
"Fisher Island, FL"
"Fishers, IN"
"Fishkill, NY"
"Fitchburg, MA"
"Fitchburg, WI"
"Flagler Beach, FL"
"Flagstaff, AZ"
"Fleming Island, FL"
"Flemington, NJ"
"Fletcher, NC"
"Flint, MI"
"Florence, AL"
"Florence, AZ"
"Florence, KY"
"Florence, SC"
"Florence-Graham, CA"
"Florida City, FL"
"Florin, CA"
"Florissant, MO"
"Flower Mound, TX"
"Flowery Branch, GA"
"Flowood, MS"
"Fogelsville, PA"
"Foley, AL"
"Folsom, CA"
"Fond du Lac, WI"
"Fontana, CA"
"Forest Acres, SC"
"Forest Grove, OR"
"Forest Hill, TX"
"Forest Lake, MN"
"Forest Park, GA"
"Forest Park, IL"
"Forest Park, OH"
"Forest, VA"
"Forestdale, AL"
"Forney, TX"
"Fort Atkinson, WI"
"Fort Belvoir, VA"
"Fort Collins, CO"
"Fort Dodge, IA"
"Fort Lauderdale, FL"
"Fort Lee, NJ"
"Fort Mill, SC"
"Fort Mohave, AZ"
"Fort Myers, FL"
"Fort Oglethorpe, GA"
"Fort Pierce, FL"
"Fort Smith, AR"
"Fort Thomas, KY"
"Fort Walton Beach, FL"
"Fort Washington, MD"
"Fort Wayne, IN"
"Fort Worth, TX"
"Fort Wright, KY"
"Fortville, IN"
"Foster City, CA"
"Fountain Hills, AZ"
"Fountain Inn, SC"
"Fountain Valley, CA"
"Fountain, CO"
"Fountainbleau, FL"
"Foxborough, MA"
"Framingham, MA"
"Frankfort, IN"
"Frankfort, KY"
"Franklin Park, NJ"
"Franklin, IN"
"Franklin, MA"
"Franklin, NH"
"Franklin, TN"
"Franklin, WI"
"Franklinton, NC"
"Frederick, CO"
"Frederick, MD"
"Fredericksburg, TX"
"Fredericksburg, VA"
"Frederickson, WA"
"Freehold, NJ"
"Freeport, FL"
"Freeport, IL"
"Freeport, ME"
"Freeport, TX"
"Fremont, CA"
"Fremont, NE"
"Fresno, CA"
"Fresno, TX"
"Fridley, MN"
"Friendswood, TX"
"Frisco, CO"
"Frisco, TX"
"Front Royal, VA"
"Fruita, CO"
"Fruitland Park, FL"
"Fruitland, MD"
"Fullerton, CA"
"Fulshear, TX"
"Fulton, MO"
"Fultondale, AL"
"Fuquay Varina, NC"
"Gaffney, SC"
"Gahanna, OH"
"Gaines, MI"
"Gainesville, FL"
"Gainesville, GA"
"Gainesville, VA"
"Gaithersburg, MD"
"Gallatin, TN"
"Galloway, NJ"
"Galt, CA"
"Galveston, TX"
"Gambrills, MD"
"Gansevoort, NY"
"Garden City, GA"
"Garden City, ID"
"Garden City, KS"
"Garden City, MI"
"Garden City, NY"
"Garden Grove, CA"
"Garden Home-Whitford, OR"
"Gardena, CA"
"Gardner, KS"
"Gardner, MA"
"Gardnerville, NV"
"Garfield Heights, OH"
"Garfield, NJ"
"Garland, TX"
"Garner, NC"
"Garrison, MD"
"Gary, IN"
"Gastonia, NC"
"Gatesville, TX"
"Gautier, MS"
"Geneva, IL"
"Gentry, AR"
"Georgetown, KY"
"Georgetown, TX"
"Germantown, MD"
"Germantown, TN"
"Germantown, WI"
"Gettysburg, PA"
"Gibsonton, FL"
"Gibsonville, NC"
"Gig Harbor, WA"
"Gilbert, AZ"
"Gillette, WY"
"Gilroy, CA"
"Girard, OH"
"Gladeview, FL"
"Gladstone, MO"
"Gladstone, OR"
"Glasgow Village, MO"
"Glassboro, NJ"
"Glastonbury, CT"
"Glen Allen, VA"
"Glen Burnie, MD"
"Glen Carbon, IL"
"Glen Cove, NY"
"Glen Head, NY"
"Glen Mills, PA"
"Glendale Heights, IL"
"Glendale, AZ"
"Glendale, CA"
"Glendale, CO"
"Glendale, WI"
"Glendora, CA"
"Glenn Heights, TX"
"Glens Falls, NY"
"Glenside, PA"
"Glenview, IL"
"Glenwood Springs, CO"
"Gloucester City, NJ"
"Gloucester, MA"
"Gloversville, NY"
"Godley, TX"
"Gold Canyon, AZ"
"Golden Glades, FL"
"Golden Valley, MN"
"Golden, CO"
"Goldendale, WA"
"Goldsboro, NC"
"Goleta, CA"
"Gonzales, LA"
"Goodlettsville, TN"
"Goodyear, AZ"
"Goose Creek, SC"
"Goshen, IN"
"Goshen, NY"
"Grafton, WI"
"Graham, WA"
"Grain Valley, MO"
"Granbury, TX"
"Granby, CO"
"Grand Blanc, MI"
"Grand Forks, ND"
"Grand Haven, MI"
"Grand Island, NE"
"Grand Island, NY"
"Grand Junction, CO"
"Grand Prairie, TX"
"Grand Rapids, MI"
"Grand Terrace, CA"
"Grandview, MO"
"Grandville, MI"
"Granger, IN"
"Granite City, IL"
"Grant-Valkaria, FL"
"Grants Pass, OR"
"Grantsville, UT"
"Grapevine, TX"
"Grass Valley, CA"
"Grayslake, IL"
"Grayson Valley, AL"
"Grayson, GA"
"Great Falls, MT"
"Great Mills, MD"
"Great Neck, NY"
"Greater Carrollwood, FL"
"Greater Landover, MD"
"Greater Northdale, FL"
"Greeley, CO"
"Green Bay, WI"
"Green Cove Springs, FL"
"Green Valley, AZ"
"Greenacres, FL"
"Greenbelt, MD"
"Greencastle, IN"
"Greeneville, TN"
"Greenfield, IN"
"Greensboro, NC"
"Greensburg, PA"
"Greenville, NC"
"Greenville, OH"
"Greenville, SC"
"Greenville, TX"
"Greenwich, CT"
"Greenwood Village, CO"
"Greenwood, IN"
"Greenwood, SC"
"Greer, SC"
"Gresham Park, GA"
"Gresham, OR"
"Gretna, LA"
"Gretna, NE"
"Griffin, GA"
"Griffith, IN"
"Grimes, IA"
"Griswold, CT"
"Groesbeck, OH"
"Groton, CT"
"Grove City, OH"
"Grove City, PA"
"Groveland, FL"
"Grover Beach, CA"
"Groves, TX"
"Grovetown, GA"
"Guilderland Center, NY"
"Gulf Breeze, FL"
"Gulf Hills, MS"
"Gulf Shores, AL"
"Gulfport, FL"
"Gulfport, MS"
"Gun Barrel City, TX"
"Gurnee, IL"
"Guthrie, OK"
"Guttenberg, NJ"
"Guyton, GA"
"Gypsum, CO"
"Hacienda Heights, CA"
"Hackensack, NJ"
"Hackettstown, NJ"
"Haddon Township, NJ"
"Haddonfield, NJ"
"Hagerstown, MD"
"Hailey, ID"
"Haines City, FL"
"Hainesville, IL"
"Haleiwa, HI"
"Halethorpe, MD"
"Hallandale, FL"
"Haltom City, TX"
"Hamburg, NY"
"Hamden, CT"
"Hamilton, OH"
"Hammond, IN"
"Hammond, LA"
"Hammonton, NJ"
"Hampstead, NC"
"Hampton Bays, NY"
"Hampton, GA"
"Hampton, NH"
"Hampton, VA"
"Hanahan, SC"
"Hanford, CA"
"Hanover Park, IL"
"Hanover, MA"
"Hanover, MD"
"Hanover, PA"
"Hapeville, GA"
"Happy Valley, OR"
"Harahan, LA"
"Hardeeville, SC"
"Harker Heights, TX"
"Harlingen, TX"
"Harper Woods, MI"
"Harrisburg, NC"
"Harrisburg, PA"
"Harrisburg, SD"
"Harrison Township, MI"
"Harrison, NJ"
"Harrison, NY"
"Harrisonburg, VA"
"Harrodsburg, KY"
"Hartford, CT"
"Hartford, SD"
"Hartford, VT"
"Hartford, WI"
"Hartland, MI"
"Hartland, WI"
"Hartwell, GA"
"Harvard, IL"
"Harvest, AL"
"Harvey, LA"
"Haslet, TX"
"Haslett, MI"
"Hastings on Hudson, NY"
"Hastings, MN"
"Hatboro, PA"
"Hatfield, PA"
"Hattiesburg, MS"
"Haughton, LA"
"Hauppauge, NY"
"Havelock, NC"
"Haverhill, MA"
"Haverstraw, NY"
"Havertown, PA"
"Havre, MT"
"Hawthorne, CA"
"Hawthorne, NJ"
"Hayden, ID"
"Haymarket, VA"
"Hays, KS"
"Hayward, CA"
"Hazel Park, MI"
"Hazelwood, MO"
"Healdsburg, CA"
"Heber City, UT"
"Hedgesville, WV"
"Helena, AL"
"Helena, MT"
"Hemet, CA"
"Hempstead, NY"
"Henderson, NC"
"Henderson, NV"
"Hendersonville, NC"
"Hendersonville, TN"
"Henrico, VA"
"Henrietta, NY"
"Hephzibah, GA"
"Hercules, CA"
"Hermiston, OR"
"Hermosa Beach, CA"
"Hernando, MS"
"Herndon, VA"
"Herriman, UT"
"Hesperia, CA"
"Hewitt, TX"
"Hialeah, FL"
"Hiawatha, IA"
"Hickory, NC"
"Hicksville, NY"
"High Point, NC"
"High Ridge, MO"
"Highland Beach, FL"
"Highland Heights, KY"
"Highland Park, IL"
"Highland Park, NJ"
"Highland Park, TX"
"Highland Village, TX"
"Highland, CA"
"Highland, IN"
"Highland, UT"
"Highlands Ranch, CO"
"Highlands, NJ"
"Highlands, TX"
"Highwood, IL"
"Hilliard, OH"
"Hillsboro, OR"
"Hillsborough Township, NJ"
"Hillsborough, NC"
"Hilo, HI"
"Hilton Head Island, SC"
"Hilton, NY"
"Hinesville, GA"
"Hingham, MA"
"Hinsdale, IL"
"Hiram, GA"
"Hitchcock, TX"
"Hixson, TN"
"Hobart, IN"
"Hobbs, NM"
"Hobe Sound, FL"
"Hoboken, NJ"
"Hockley, TX"
"Hoffman Estates, IL"
"Holbrook, NY"
"Holden, MA"
"Holiday, FL"
"Holladay, UT"
"Holland, MI"
"Holland, OH"
"Hollister, CA"
"Hollister, MO"
"Holly Hill, FL"
"Holly Ridge, NC"
"Holly Springs, GA"
"Holly Springs, NC"
"Hollywood, FL"
"Holt, MI"
"Holyoke, MA"
"Homestead, FL"
"Homestead, PA"
"Homewood, AL"
"Homosassa, FL"
"Honolulu, HI"
"Hooksett, NH"
"Hoover, AL"
"Hope Mills, NC"
"Hopewell, VA"
"Hopkins, MN"
"Hopkins, SC"
"Hopkinsville, KY"
"Hopkinton, MA"
"Horizon City, TX"
"Horn Lake, MS"
"Horsham, PA"
"Hoschton, GA"
"Hot Springs, AR"
"Houma, LA"
"Houston, TX"
"Howard, WI"
"Howell, MI"
"Howell, NJ"
"Huber Heights, OH"
"Hubert, NC"
"Hudson Oaks, TX"
"Hudson, FL"
"Hudson, MA"
"Hudson, NY"
"Hudson, WI"
"Hueytown, AL"
"Humble, TX"
"Hummelstown, PA"
"Huntersville, NC"
"Huntingdon Valley, PA"
"Huntington Beach, CA"
"Huntington Park, CA"
"Huntington, NY"
"Huntington, VA"
"Huntington, WV"
"Huntsville, AL"
"Huntsville, TX"
"Hurricane, UT"
"Hurricane, WV"
"Hurst, TX"
"Hutchinson, KS"
"Hutchinson, MN"
"Hutto, TX"
"Hyattsville, MD"
"Hypoluxo, FL"
"Idaho Falls, ID"
"Ijamsville, MD"
"Imperial Beach, CA"
"Imperial, MO"
"Incline Village, NV"
"Independence, KY"
"Independence, MO"
"Independence, OR"
"Indialantic, FL"
"Indian Harbour Beach, FL"
"Indian River Shores, FL"
"Indian Trail, NC"
"Indian Wells, CA"
"Indiana, PA"
"Indianapolis, IN"
"Indio, CA"
"Ingleside, TX"
"Inglewood, CA"
"Inkster, MI"
"Inlet Beach, FL"
"Inman, SC"
"Inver Grove Heights, MN"
"Inverness, FL"
"Inwood, WV"
"Ione, CA"
"Iowa City, IA"
"Iowa Colony, TX"
"Irmo, SC"
"Irondale, AL"
"Irvine, CA"
"Irving, TX"
"Irvington, NJ"
"Irwin, PA"
"Iselin, NJ"
"Isla Vista, CA"
"Island Park, NY"
"Issaquah, WA"
"Itasca, IL"
"Ithaca, NY"
"Ives Estates, FL"
"Ivins, UT"
"Jackson, GA"
"Jackson, MI"
"Jackson, MO"
"Jackson, MS"
"Jackson, NJ"
"Jackson, TN"
"Jackson, WY"
"Jacksonville Beach, FL"
"Jacksonville, AL"
"Jacksonville, AR"
"Jacksonville, FL"
"Jacksonville, IL"
"Jacksonville, NC"
"Jamestown, ND"
"Jamestown, NY"
"Janesville, WI"
"Jarrell, TX"
"Jeannette, PA"
"Jefferson City, MO"
"Jefferson, GA"
"Jefferson, LA"
"Jeffersonville, IN"
"Jenkintown, PA"
"Jenks, OK"
"Jennings, MO"
"Jensen Beach, FL"
"Jersey City, NJ"
"Jersey Village, TX"
"Jessup, MD"
"Jim Thorpe, PA"
"Johns Creek, GA"
"Johnson City, NY"
"Johnson City, TN"
"Johnston, IA"
"Johnstown, CO"
"Johnstown, OH"
"Johnstown, PA"
"Joliet, IL"
"Jonesboro, AR"
"Jonesboro, GA"
"Jonesborough, TN"
"Joplin, MO"
"Joshua Tree, CA"
"Junction City, KS"
"Jupiter, FL"
"Jurupa Valley, CA"
"Justin, TX"
"Kahului, HI"
"Kailua Kona, HI"
"Kailua, HI"
"Kalamazoo, MI"
"Kalispell, MT"
"Kaneohe, HI"
"Kankakee, IL"
"Kannapolis, NC"
"Kansas City, KS"
"Kansas City, MO"
"Kapolei, HI"
"Kathleen, GA"
"Katy, TX"
"Kaukauna, WI"
"Keaau, HI"
"Keansburg, NJ"
"Kearney, NE"
"Kearny, NJ"
"Keene, NH"
"Keizer, OR"
"Keller, TX"
"Kelso, WA"
"Kemah, TX"
"Kenmore, WA"
"Kennedale, TX"
"Kenner, LA"
"Kennesaw, GA"
"Kennett Square, PA"
"Kennewick, WA"
"Kenosha, WI"
"Kensington, MD"
"Kent, OH"
"Kent, WA"
"Kentwood, MI"
"Kenwood, OH"
"Kernersville, NC"
"Kerrville, TX"
"Kettering, OH"
"Key Biscayne, FL"
"Key Largo, FL"
"Key West, FL"
"Kihei, HI"
"Kilgore, TX"
"Kill Devil Hills, NC"
"Killeen, TX"
"King of Prussia, PA"
"Kingman, AZ"
"Kings Mountain, NC"
"Kingsburg, CA"
"Kingsland, GA"
"Kingsport, TN"
"Kingston, MA"
"Kingston, NY"
"Kingston, PA"
"Kingston, TN"
"Kingsville, TX"
"Kinston, NC"
"Kirkland, WA"
"Kirksville, MO"
"Kirkwood, MO"
"Kissimmee, FL"
"Kittery, ME"
"Klamath Falls, OR"
"Knightdale, NC"
"Knoxville, IA"
"Knoxville, TN"
"Kokomo, IN"
"Kuna, ID"
"Kyle, TX"
"La Center, WA"
"La Crescenta-Montrose, CA"
"La Crosse, WI"
"La Grande, OR"
"La Grange, IL"
"La Habra, CA"
"La Marque, TX"
"La Mesa, CA"
"La Mirada, CA"
"La Place, LA"
"La Porte, IN"
"La Porte, TX"
"La Quinta, CA"
"La Vergne, TN"
"La Verne, CA"
"La Vista, NE"
"Labelle, FL"
"Lacey, WA"
"Laconia, NH"
"Lacy-Lakeview, TX"
"Ladera Ranch, CA"
"Ladson, SC"
"Lady Lake, FL"
"Lafayette, CA"
"Lafayette, CO"
"Lafayette, IN"
"Lafayette, LA"
"Lago Vista, TX"
"Lagrange, GA"
"Laguna Beach, CA"
"Laguna Hills, CA"
"Laguna Niguel, CA"
"Laguna Woods, CA"
"Lahaina, HI"
"Lake Alfred, FL"
"Lake Arbor, MD"
"Lake Arrowhead, CA"
"Lake Bluff, IL"
"Lake Charles, LA"
"Lake City, FL"
"Lake Elsinore, CA"
"Lake Forest, CA"
"Lake Forest, IL"
"Lake Hart, FL"
"Lake Havasu City, AZ"
"Lake Jackson, TX"
"Lake Mary, FL"
"Lake Oswego, OR"
"Lake Park, FL"
"Lake Placid, FL"
"Lake Purdy, AL"
"Lake Saint Louis, MO"
"Lake Stevens, WA"
"Lake Wales, FL"
"Lake Worth Beach, FL"
"Lake in the Hills, IL"
"Lakeland, FL"
"Lakeland, TN"
"Lakeside, CA"
"Lakeside, VA"
"Lakeville, MN"
"Lakeway, TX"
"Lakewood Ranch, FL"
"Lakewood, CA"
"Lakewood, CO"
"Lakewood, NJ"
"Lakewood, OH"
"Lakewood, WA"
"Lancaster, CA"
"Lancaster, OH"
"Lancaster, PA"
"Lancaster, TX"
"Land O Lakes, FL"
"Lander, WY"
"Langhorne, PA"
"Lanham Seabrook, MD"
"Lansdale, PA"
"Lansdowne, PA"
"Lansing, MI"
"Lapeer, MI"
"Laramie, WY"
"Laredo, TX"
"Largo, FL"
"Larkspur, CA"
"Las Cruces, NM"
"Las Vegas, NV"
"Lathrop, CA"
"Latrobe, PA"
"Lauderdale Lakes, FL"
"Lauderhill, FL"
"Laughlin, NV"
"Laurel, MD"
"Laurens, SC"
"Lavallette, NJ"
"Lavon, TX"
"Lawndale, CA"
"Lawrence Township, NJ"
"Lawrence, IN"
"Lawrence, KS"
"Lawrence, MA"
"Lawrenceville, GA"
"Lawton, OK"
"Layton, UT"
"Leadville, CO"
"League City, TX"
"Leander, TX"
"Leavenworth, KS"
"Leavenworth, WA"
"Leawood, KS"
"Lebanon, IN"
"Lebanon, NH"
"Lebanon, OH"
"Lebanon, OR"
"Lebanon, PA"
"Lebanon, TN"
"Leeds, AL"
"Lees Summit, MO"
"Leesburg, FL"
"Leesburg, GA"
"Leesburg, VA"
"Leesville, LA"
"Lehi, UT"
"Lehigh Acres, FL"
"Leland, NC"
"Lemay, MO"
"Lemon Grove, CA"
"Lemoore, CA"
"Lemoyne, PA"
"Lenexa, KS"
"Lenoir City, TN"
"Leominster, MA"
"Leon Valley, TX"
"Levittown, PA"
"Lewes, DE"
"Lewis Center, OH"
"Lewiston, ME"
"Lewiston, NY"
"Lewisville, TX"
"Lexington Park, MD"
"Lexington, KY"
"Lexington, MA"
"Lexington, NC"
"Lexington, NE"
"Lexington, SC"
"Lexington, VA"
"Liberty Hill, TX"
"Liberty Lake, WA"
"Liberty, MO"
"Lighthouse Point, FL"
"Lilburn, GA"
"Lillington, NC"
"Lima, OH"
"Lincoln City, OR"
"Lincoln Park, MI"
"Lincoln, AL"
"Lincoln, CA"
"Lincoln, NE"
"Lincoln, RI"
"Lincolnia, VA"
"Lincolnton, NC"
"Lincolnwood, IL"
"Lindale, TX"
"Linden, NJ"
"Lindenhurst, NY"
"Lindstrom, MN"
"Lisle, IL"
"Litchfield Park, AZ"
"Lithia Springs, GA"
"Lithia, FL"
"Lithonia, GA"
"Little Canada, MN"
"Little Elm, TX"
"Little Falls, NJ"
"Little Ferry, NJ"
"Little River, SC"
"Little Rock, AR"
"Littleton, CO"
"Live Oak, FL"
"Live Oak, TX"
"Livermore, CA"
"Liverpool, NY"
"Livingston, MT"
"Livingston, NJ"
"Livingston, TX"
"Livonia, MI"
"Lochbuie, CO"
"Lochearn, MD"
"Lock Haven, PA"
"Lockhart, TX"
"Lockport, IL"
"Lockport, NY"
"Locust Grove, GA"
"Lodi, CA"
"Lodi, NJ"
"Logan, UT"
"Loganville, GA"
"Loma Linda, CA"
"Lombard, IL"
"Lomita, CA"
"Lompoc, CA"
"Lone Tree, CO"
"Long Beach, CA"
"Long Beach, NY"
"Long Branch, NJ"
"Longmont, CO"
"Longs, SC"
"Longview, TX"
"Longview, WA"
"Longwood, FL"
"Lorain, OH"
"Lorena, TX"
"Lorton, VA"
"Los Alamitos, CA"
"Los Altos, CA"
"Los Angeles, CA"
"Los Banos, CA"
"Los Gatos, CA"
"Los Lunas, NM"
"Loudon, TN"
"Louisburg, NC"
"Louisville, CO"
"Louisville, KY"
"Louisville, OH"
"Louisville, TN"
"Loveland, CO"
"Loveland, OH"
"Lowell, AR"
"Lowell, MA"
"Loxahatchee, FL"
"Lubbock, TX"
"Lufkin, TX"
"Luling, LA"
"Lumberton Township, NJ"
"Lusby, MD"
"Lutherville Timonium, MD"
"Lutz, FL"
"Lyman, SC"
"Lynbrook, NY"
"Lynchburg, VA"
"Lynden, WA"
"Lyndhurst, NJ"
"Lynn Haven, FL"
"Lynn, MA"
"Lynnwood, WA"
"Lynwood, CA"
"Mabank, TX"
"Mableton, GA"
"Machesney Park, IL"
"Macomb, MI"
"Macon, GA"
"Macungie, PA"
"Madeira Beach, FL"
"Madera, CA"
"Madison Heights, MI"
"Madison Heights, VA"
"Madison, AL"
"Madison, CT"
"Madison, MS"
"Madison, NJ"
"Madison, WI"
"Madisonville, TN"
"Madras, OR"
"Magna, UT"
"Magnolia, TX"
"Mahwah Township, NJ"
"Maitland, FL"
"Makawao, HI"
"Malden, MA"
"Malibu, CA"
"Malvern, PA"
"Mamaroneck, NY"
"Manalapan Township, NJ"
"Manassas Park, VA"
"Manassas, VA"
"Manchester, CT"
"Manchester, MO"
"Manchester, NH"
"Manchester, TN"
"Mandan, ND"
"Mandeville, LA"
"Manhattan Beach, CA"
"Manhattan, KS"
"Manheim, PA"
"Manitou Springs, CO"
"Manitowoc, WI"
"Mankato, MN"
"Manor, TX"
"Manorville, NY"
"Mansfield, CT"
"Mansfield, MA"
"Mansfield, OH"
"Mansfield, TX"
"Manteca, CA"
"Mantoloking, NJ"
"Manvel, TX"
"Maple Grove, MN"
"Maple Heights, OH"
"Maple Valley, WA"
"Maplewood, MN"
"Maplewood, MO"
"Maplewood, NJ"
"Marana, AZ"
"Marble Falls, TX"
"Marblehead, MA"
"Marco Island, FL"
"Marcus Hook, PA"
"Margaret, AL"
"Margate City, NJ"
"Margate, FL"
"Maricopa, AZ"
"Marietta, GA"
"Marietta, PA"
"Marina del Rey, CA"
"Marina, CA"
"Marion, AR"
"Marion, IA"
"Marion, IN"
"Marion, NC"
"Marion, OH"
"Markham, IL"
"Marlborough, MA"
"Marquette, MI"
"Marrero, LA"
"Mars Hill, NC"
"Mars, PA"
"Marshalltown, IA"
"Marshfield, MA"
"Marshfield, WI"
"Martin, TN"
"Martinez, CA"
"Martinez, GA"
"Martinsburg, WV"
"Martinsville, IN"
"Martinsville, VA"
"Mary Esther, FL"
"Maryland Heights, MO"
"Marysville, CA"
"Marysville, OH"
"Marysville, WA"
"Maryville, MO"
"Maryville, TN"
"Mascotte, FL"
"Mason, OH"
"Massapequa, NY"
"Massillon, OH"
"Matawan, NJ"
"Matteson, IL"
"Matthews, NC"
"Mauldin, SC"
"Maumee, OH"
"Maumelle, AR"
"Maxwell, TX"
"Mayer, AZ"
"Mayfield Heights, OH"
"Maynard, MA"
"Mays Landing, NJ"
"Mc Calla, AL"
"McAlester, OK"
"McAllen, TX"
"McCordsville, IN"
"McDonough, GA"
"McHenry, IL"
"McKees Rocks, PA"
"McKeesport, PA"
"McKinleyville, CA"
"McKinney, TX"
"McLean, VA"
"McMinnville, OR"
"Mebane, NC"
"Mechanicsburg, PA"
"Mechanicsville, VA"
"Mechanicville, NY"
"Medford, MA"
"Medford, OR"
"Media, PA"
"Medical Lake, WA"
"Medina, OH"
"Mehlville, MO"
"Melbourne Beach, FL"
"Melbourne, FL"
"Melissa, TX"
"Melrose Park, IL"
"Melrose, MA"
"Melvindale, MI"
"Memphis, TN"
"Menasha, WI"
"Menifee, CA"
"Menlo Park, CA"
"Menomonee Falls, WI"
"Menomonie, WI"
"Mentone, CA"
"Mentor, OH"
"Merced, CA"
"Mercer Island, WA"
"Meriden, CT"
"Meridian, CO"
"Meridian, ID"
"Meridian, MS"
"Meridianville, AL"
"Merrillville, IN"
"Merrimack, NH"
"Merritt Island, FL"
"Mesa, AZ"
"Mesquite, NV"
"Mesquite, TX"
"Metairie, LA"
"Methuen, MA"
"Metuchen, NJ"
"Metzger, OR"
"Miami Beach, FL"
"Miami Gardens, FL"
"Miami Lakes, FL"
"Miami Shores, FL"
"Miami Springs, FL"
"Miami, FL"
"Miamisburg, OH"
"Michigan City, IN"
"Middle River, MD"
"Middleborough, MA"
"Middleburg, FL"
"Middleton, WI"
"Middletown, CT"
"Middletown, DE"
"Middletown, NY"
"Middletown, OH"
"Middletown, PA"
"Middletown, RI"
"Midfield, AL"
"Midland Park, NJ"
"Midland, MI"
"Midland, NC"
"Midland, TX"
"Midland, WA"
"Midlothian, IL"
"Midlothian, TX"
"Midlothian, VA"
"Midvale, UT"
"Midway Park, NC"
"Midway, GA"
"Midwest City, OK"
"Milford, CT"
"Milford, MA"
"Milford, OH"
"Mililani, HI"
"Mill Creek, WA"
"Mill Valley, CA"
"Millbrae, CA"
"Millbrook, AL"
"Millbury, MA"
"Millcreek, UT"
"Milledgeville, GA"
"Millersville, PA"
"Millington, TN"
"Millsboro, DE"
"Millvale, PA"
"Millville, NJ"
"Milpitas, CA"
"Milton, DE"
"Milton, FL"
"Milton, GA"
"Milton, WA"
"Milton, WV"
"Milwaukee, WI"
"Milwaukie, OR"
"Mineola, NY"
"Mineral Wells, TX"
"Minneapolis, MN"
"Minneola, FL"
"Minnetonka, MN"
"Minot, ND"
"Mint Hill, NC"
"Miramar Beach, FL"
"Miramar, FL"
"Mishawaka, IN"
"Mission Viejo, CA"
"Mission, KS"
"Mission, TX"
"Missoula, MT"
"Missouri City, TX"
"Mitchell, SD"
"Mobile, AL"
"Modesto, CA"
"Molalla, OR"
"Moline, IL"
"Moncks Corner, SC"
"Monmouth Junction, NJ"
"Monmouth, OR"
"Monroe Township, NJ"
"Monroe, GA"
"Monroe, LA"
"Monroe, MI"
"Monroe, NC"
"Monroe, NY"
"Monroe, WA"
"Monroeville, PA"
"Monrovia, CA"
"Mont Clare, PA"
"Montauk, NY"
"Montclair, CA"
"Montclair, NJ"
"Montebello, CA"
"Montecito, CA"
"Monterey Park, CA"
"Monterey, CA"
"Montesano, WA"
"Montgomery Village, MD"
"Montgomery, AL"
"Montgomery, IL"
"Montgomery, TX"
"Monticello, MN"
"Montrose, CO"
"Montrose, VA"
"Montville, NJ"
"Monument, CO"
"Moody, AL"
"Moore, OK"
"Moore, SC"
"Mooresville, NC"
"Moorhead, MN"
"Moorpark, CA"
"Morehead City, NC"
"Morehead, KY"
"Moreno Valley, CA"
"Morgan Hill, CA"
"Morganton, NC"
"Morgantown, WV"
"Morganville, NJ"
"Moriches, NY"
"Morris Plains, NJ"
"Morris, IL"
"Morrison, CO"
"Morristown, NJ"
"Morristown, TN"
"Morrisville, NC"
"Morrisville, PA"
"Morro Bay, CA"
"Morton Grove, IL"
"Moscow, ID"
"Moses Lake, WA"
"Moss Point, MS"
"Mound, MN"
"Mount Arlington, NJ"
"Mount Dora, FL"
"Mount Healthy, OH"
"Mount Holly, NC"
"Mount Jackson, VA"
"Mount Joy, PA"
"Mount Juliet, TN"
"Mount Pleasant, SC"
"Mount Pleasant, TX"
"Mount Pleasant, WI"
"Mount Prospect, IL"
"Mount Rainier, MD"
"Mount Sterling, KY"
"Mount Vernon, NY"
"Mount Vernon, VA"
"Mount Vernon, WA"
"Mountain Home, AR"
"Mountain Home, ID"
"Mountain View, CA"
"Mountlake Terrace, WA"
"Mt Holly Township, NJ"
"Mt Laurel Township, NJ"
"Mukilteo, WA"
"Mulberry, FL"
"Muncie, IN"
"Mundelein, IL"
"Munford, TN"
"Munhall, PA"
"Munster, IN"
"Murfreesboro, TN"
"Murphy, NC"
"Murray, KY"
"Murray, UT"
"Murrells Inlet, SC"
"Murrieta, CA"
"Murrysville, PA"
"Muscatine, IA"
"Muscle Shoals, AL"
"Muskegon Heights, MI"
"Muskegon, MI"
"Muskogee, OK"
"Mustang, OK"
"Myrtle Beach, SC"
"Nacogdoches, TX"
"Nampa, ID"
"Nanticoke, PA"
"Nanuet, NY"
"Napa, CA"
"Naperville, IL"
"Naples, FL"
"Narberth, PA"
"Narragansett, RI"
"Nashua, NH"
"Nashville, TN"
"Natick, MA"
"National City, CA"
"Naugatuck, CT"
"Navarre, FL"
"Nazareth, PA"
"Nederland, CO"
"Nederland, TX"
"Needham, MA"
"Neenah, WI"
"Neptune Beach, FL"
"Neptune Township, NJ"
"Nevada City, CA"
"New Albany, IN"
"New Albany, OH"
"New Bedford, MA"
"New Bern, NC"
"New Braunfels, TX"
"New Brighton, MN"
"New Brighton, PA"
"New Britain, CT"
"New Brunswick, NJ"
"New Canaan, CT"
"New Caney, TX"
"New Carrollton, MD"
"New Castle, CO"
"New Castle, DE"
"New Castle, IN"
"New Castle, PA"
"New Cumberland, PA"
"New Haven, CT"
"New Hope, MN"
"New Hudson, MI"
"New Hyde Park, NY"
"New Iberia, LA"
"New Kensington, PA"
"New London, CT"
"New Market, AL"
"New Market, MD"
"New Orleans, LA"
"New Port Richey, FL"
"New Providence, NJ"
"New Richmond, WI"
"New River, AZ"
"New Rochelle, NY"
"New Smyrna Beach, FL"
"New York, NY"
"Newark, CA"
"Newark, DE"
"Newark, NJ"
"Newark, OH"
"Newberg, OR"
"Newberry, FL"
"Newburgh, IN"
"Newburgh, NY"
"Newburyport, MA"
"Newcastle, OK"
"Newcastle, WA"
"Newington, CT"
"Newnan, GA"
"Newport Beach, CA"
"Newport News, VA"
"Newport, KY"
"Newport, NC"
"Newport, OR"
"Newport, RI"
"Newton, IA"
"Newton, KS"
"Newton, MA"
"Newton, NJ"
"Newtown Square, PA"
"Newtown, PA"
"Niagara Falls, NY"
"Niceville, FL"
"Nicholasville, KY"
"Niles, IL"
"Niles, MI"
"Niles, OH"
"Nixa, MO"
"Noble, OK"
"Noblesville, IN"
"Nokomis, FL"
"Nolanville, TX"
"Norco, CA"
"Norcross, GA"
"Norfolk, NE"
"Norfolk, VA"
"Norland, FL"
"Normal, IL"
"Norman, OK"
"Norristown, PA"
"North Adams, MA"
"North Andover, MA"
"North Arlington, NJ"
"North Attleboro, MA"
"North Augusta, SC"
"North Aurora, IL"
"North Bay Village, FL"
"North Bend, OR"
"North Bend, WA"
"North Bergen Township, NJ"
"North Brunswick, NJ"
"North Canton, OH"
"North Charleston, SC"
"North Chicago, IL"
"North Chili, NY"
"North East, MD"
"North Fort Myers, FL"
"North Haledon, NJ"
"North Kansas City, MO"
"North Las Vegas, NV"
"North Lauderdale, FL"
"North Liberty, IA"
"North Little Rock, AR"
"North Miami Beach, FL"
"North Miami, FL"
"North Myrtle Beach, SC"
"North Olmsted, OH"
"North Palm Beach, FL"
"North Plainfield, NJ"
"North Platte, NE"
"North Pole, AK"
"North Port, FL"
"North Potomac, MD"
"North Providence, RI"
"North Richland Hills, TX"
"North Ridgeville, OH"
"North Saint Paul, MN"
"North Salt Lake, UT"
"North Smithfield, RI"
"North Tonawanda, NY"
"North Tustin, CA"
"North Vernon, IN"
"North Versailles, PA"
"North Wales, PA"
"Northampton, MA"
"Northampton, PA"
"Northbrook, IL"
"Northfield, MN"
"Northglenn, CO"
"Northlake, TX"
"Northport, AL"
"Northview, MI"
"Northville, MI"
"Norton, MA"
"Norton, OH"
"Norwalk, CA"
"Norwalk, CT"
"Norwalk, OH"
"Norwich, CT"
"Norwood, MA"
"Norwood, OH"
"Nottingham, MD"
"Novato, CA"
"Novi, MI"
"Nutley, NJ"
"Nyack, NY"
"O Fallon, IL"
"O Fallon, MO"
"Oak Creek, WI"
"Oak Forest, IL"
"Oak Grove, KY"
"Oak Grove, MO"
"Oak Harbor, WA"
"Oak Island, NC"
"Oak Lawn, IL"
"Oak Park, CA"
"Oak Park, IL"
"Oak Park, MI"
"Oak Ridge, TN"
"Oakbrook Terrace, IL"
"Oakdale, CA"
"Oakdale, MN"
"Oakdale, PA"
"Oakhurst, NJ"
"Oakland Park, FL"
"Oakland, CA"
"Oakland, FL"
"Oakland, TN"
"Oakley, CA"
"Oakwood, GA"
"Oakwood, OH"
"Ocala, FL"
"Ocean City, MD"
"Ocean Springs, MS"
"Oceano, CA"
"Oceanside, CA"
"Ocklawaha, FL"
"Ocoee, FL"
"Oconomowoc, WI"
"Odenton, MD"
"Odenville, AL"
"Odessa, FL"
"Odessa, TX"
"Ogden, UT"
"Oildale, CA"
"Ojai, CA"
"Ojus, FL"
"Okemos, MI"
"Oklahoma City, OK"
"Olathe, KS"
"Old Bridge, NJ"
"Old Orchard Beach, ME"
"Old Town, ME"
"Oldsmar, FL"
"Olive Branch, MS"
"Olivehurst, CA"
"Olivette, MO"
"Olmos Park, TX"
"Olympia, WA"
"Omaha, NE"
"Onalaska, WI"
"Ontario, CA"
"Ontario, OR"
"Ooltewah, TN"
"Opa-locka, FL"
"Opelika, AL"
"Orange Beach, AL"
"Orange City, FL"
"Orange Park, FL"
"Orange, CA"
"Orange, NJ"
"Orange, TX"
"Orangeburg, SC"
"Orangevale, CA"
"Orchard Park, NY"
"Oregon City, OR"
"Oregon, OH"
"Orem, UT"
"Orion, MI"
"Orland Park, IL"
"Orlando, FL"
"Ormond Beach, FL"
"Oro Valley, AZ"
"Orono, ME"
"Oroville, CA"
"Orting, WA"
"Osage Beach, MO"
"Oshkosh, WI"
"Osprey, FL"
"Ossining, NY"
"Oswego, IL"
"Oswego, NY"
"Otsego, MN"
"Ottawa, IL"
"Ottawa, KS"
"Overland Park, KS"
"Overland, MO"
"Oviedo, FL"
"Owasso, OK"
"Owatonna, MN"
"Owens Cross Roads, AL"
"Owensboro, KY"
"Owings Mills, MD"
"Oxford, AL"
"Oxford, FL"
"Oxford, MI"
"Oxford, MS"
"Oxford, OH"
"Oxnard, CA"
"Oxon Hill, MD"
"Oyster Bay, NY"
"Ozark, MO"
"Pace, FL"
"Pacific Grove, CA"
"Pacific, WA"
"Pacifica, CA"
"Paducah, KY"
"Pagedale, MO"
"Pahrump, NV"
"Painesville, OH"
"Painted Post, NY"
"Palatine, IL"
"Palatka, FL"
"Palisade, CO"
"Palisades Park, NJ"
"Palm Bay, FL"
"Palm Beach Gardens, FL"
"Palm Beach, FL"
"Palm City, FL"
"Palm Coast, FL"
"Palm Desert, CA"
"Palm Harbor, FL"
"Palm Springs, CA"
"Palm Springs, FL"
"Palmdale, CA"
"Palmetto, FL"
"Palmetto, GA"
"Palmyra, NJ"
"Palmyra, PA"
"Palo Alto, CA"
"Panama City Beach, FL"
"Panama City, FL"
"Paoli, PA"
"Papillion, NE"
"Paradise Valley, AZ"
"Paradise, CA"
"Paramount, CA"
"Parchment, MI"
"Paris, TX"
"Park City, UT"
"Park Forest, IL"
"Park Ridge, IL"
"Park Ridge, NJ"
"Parker, CO"
"Parker, FL"
"Parkersburg, WV"
"Parkland, FL"
"Parkland, WA"
"Parkville, MD"
"Parkville, MO"
"Parlin, NJ"
"Parma Heights, OH"
"Parma, OH"
"Parrish, FL"
"Parsippany, NJ"
"Pasadena, CA"
"Pasadena, MD"
"Pasadena, TX"
"Pascagoula, MS"
"Pasco, WA"
"Paso Robles, CA"
"Pass Christian, MS"
"Passaic, NJ"
"Pataskala, OH"
"Patchogue, NY"
"Paterson, NJ"
"Pawleys Island, SC"
"Pawtucket, RI"
"Payson, AZ"
"Payson, UT"
"Pea Ridge, AR"
"Peabody, MA"
"Peachtree City, GA"
"Peachtree Corners, GA"
"Pearl City, HI"
"Pearl, MS"
"Pearland, TX"
"Pebble Creek, FL"
"Pecan Grove, TX"
"Peculiar, MO"
"Peekskill, NY"
"Pekin, IL"
"Pelham, NY"
"Pella, IA"
"Pembroke Park, FL"
"Pembroke Pines, FL"
"Pendergrass, GA"
"Pendleton, IN"
"Pendleton, OR"
"Pendleton, SC"
"Penfield, NY"
"Pennington, NJ"
"Pennsauken, NJ"
"Pensacola, FL"
"Peoria, AZ"
"Peoria, IL"
"Perkasie, PA"
"Perkins, OK"
"Perris, CA"
"Perry, IA"
"Perrysburg, OH"
"Perth Amboy, NJ"
"Petaluma, CA"
"Petersburg, VA"
"Peyton, CO"
"Pflugerville, TX"
"Pharr, TX"
"Phenix City, AL"
"Philadelphia, PA"
"Phillipsburg, NJ"
"Philomath, OR"
"Phoenix, AZ"
"Phoenixville, PA"
"Pickerington, OH"
"Pico Rivera, CA"
"Piedmont, OK"
"Piedmont, SC"
"Piermont, NY"
"Pigeon Forge, TN"
"Pike Road, AL"
"Pikesville, MD"
"Pikeville, KY"
"Pine Brook, NJ"
"Pine Hill, NJ"
"Pine Hills, FL"
"Pine Mountain Club, CA"
"Pinecrest, FL"
"Pinehurst, NC"
"Pinehurst, TX"
"Pinellas Park, FL"
"Pineville, LA"
"Pineville, NC"
"Pinewood, FL"
"Piscataway, NJ"
"Pismo Beach, CA"
"Pittsboro, NC"
"Pittsburg, CA"
"Pittsburg, KS"
"Pittsburgh, PA"
"Pittsfield, MA"
"Pittsford, NY"
"Placentia, CA"
"Placerville, CA"
"Plain City, OH"
"Plainfield, IL"
"Plainfield, IN"
"Plainfield, NJ"
"Plainsboro, NJ"
"Plainview, TX"
"Plainville, MA"
"Plano, IL"
"Plano, TX"
"Plant City, FL"
"Plantation, FL"
"Platte City, MO"
"Plattsmouth, NE"
"Pleasant Grove, AL"
"Pleasant Grove, UT"
"Pleasant Hill, CA"
"Pleasant Hill, IA"
"Pleasant Hill, MO"
"Pleasant View, TN"
"Pleasanton, CA"
"Pleasantville, NJ"
"Plover, WI"
"Plymouth Meeting, PA"
"Plymouth, MA"
"Plymouth, MI"
"Plymouth, MN"
"Pocatello, ID"
"Poinciana, FL"
"Polk City, FL"
"Pomona, CA"
"Pompano Beach, FL"
"Ponca City, OK"
"Ponchatoula, LA"
"Ponte Vedra Beach, FL"
"Ponte Vedra, FL"
"Pontiac, MI"
"Pooler, GA"
"Poplar Bluff, MO"
"Port Angeles, WA"
"Port Arthur, TX"
"Port Charlotte, FL"
"Port Chester, NY"
"Port Hueneme, CA"
"Port Huron, MI"
"Port Isabel, TX"
"Port Jefferson Station, NY"
"Port Jervis, NY"
"Port Neches, TX"
"Port Orange, FL"
"Port Orchard, WA"
"Port Richey, FL"
"Port Royal, SC"
"Port Saint Lucie, FL"
"Port Washington, NY"
"Port Wentworth, GA"
"Portage, IN"
"Portage, MI"
"Portales, NM"
"Porter, TX"
"Porterville, CA"
"Portland, ME"
"Portland, OR"
"Portland, TX"
"Portsmouth, NH"
"Portsmouth, RI"
"Portsmouth, VA"
"Post Falls, ID"
"Potomac, MD"
"Pottstown, PA"
"Pottsville, PA"
"Poughkeepsie, NY"
"Poulsbo, WA"
"Poway, CA"
"Powder Springs, GA"
"Powell, OH"
"Powell, TN"
"Prairie Grove, AR"
"Prairie Village, KS"
"Prairieville, LA"
"Prattville, AL"
"Prescott Valley, AZ"
"Prescott, AZ"
"Presto, PA"
"Prince Frederick, MD"
"Prince George, VA"
"Princeton, IN"
"Princeton, NJ"
"Princeton, TX"
"Princeton, WV"
"Prior Lake, MN"
"Prospect Park, PA"
"Prospect, KY"
"Prosper, TX"
"Providence, RI"
"Provo, UT"
"Pryor, OK"
"Pueblo, CO"
"Pullman, WA"
"Punta Gorda, FL"
"Purcellville, VA"
"Purchase, NY"
"Puyallup, WA"
"Quakertown, PA"
"Quarryville, PA"
"Queen Creek, AZ"
"Quincy, IL"
"Quincy, MA"
"Quincy, WA"
"Quogue, NY"
"Racine, WI"
"Radcliff, KY"
"Radford, VA"
"Raeford, NC"
"Rahway, NJ"
"Raleigh Hills, OR"
"Raleigh, NC"
"Ramona, CA"
"Ramsey, MN"
"Rancho Cordova, CA"
"Rancho Cucamonga, CA"
"Rancho Mirage, CA"
"Rancho Mission Viejo, CA"
"Rancho Palos Verdes, CA"
"Rancho Santa Fe, CA"
"Rancho Santa Margarita, CA"
"Randallstown, MD"
"Randolph, MA"
"Randolph, NJ"
"Ranson, WV"
"Rantoul, IL"
"Rapid City, SD"
"Raritan, NJ"
"Rathdrum, ID"
"Rawlins, WY"
"Raymore, MO"
"Raytown, MO"
"Reading, MA"
"Reading, OH"
"Reading, PA"
"Red Bank, NJ"
"Red Bank, TN"
"Red Bluff, CA"
"Red Lion, PA"
"Red Oak, IA"
"Red Oak, TX"
"Red Wing, MN"
"Redding, CA"
"Redford, MI"
"Redington Shores, FL"
"Redlands, CA"
"Redmond, OR"
"Redmond, WA"
"Redondo Beach, CA"
"Redwood City, CA"
"Reedsburg, WI"
"Reidsville, NC"
"Reisterstown, MD"
"Remerton, GA"
"Reno, NV"
"Rensselaer, NY"
"Renton, WA"
"Republic, MO"
"Reston, VA"
"Revere, MA"
"Rex, GA"
"Rexburg, ID"
"Reynoldsburg, OH"
"Rialto, CA"
"Richardson, TX"
"Richfield, MN"
"Richland Hills, TX"
"Richland, WA"
"Richmond Heights, MO"
"Richmond Hill, GA"
"Richmond, CA"
"Richmond, IN"
"Richmond, KY"
"Richmond, TX"
"Richmond, VA"
"Richwood, TX"
"Ridgecrest, CA"
"Ridgefield Park, NJ"
"Ridgefield, WA"
"Ridgeland, MS"
"Ridgeland, SC"
"Ridgewood, NJ"
"Rigby, ID"
"Rincon, GA"
"Ringgold, GA"
"Rio Rancho, NM"
"Rio Vista, CA"
"Ripon, CA"
"River Edge, NJ"
"River Falls, WI"
"River Ridge, LA"
"Riverdale, GA"
"Riverdale, IL"
"Riverdale, MD"
"Riverdale, UT"
"Riverside, CA"
"Riverside, MO"
"Riverside, OH"
"Riverton, UT"
"Riverton-Boulevard Park, WA"
"Riverview, FL"
"Riverview, MI"
"Riverview, MO"
"Riviera Beach, FL"
"Roanoke Rapids, NC"
"Roanoke, TX"
"Roanoke, VA"
"Robbinsdale, MN"
"Robinson, TX"
"Rochester Hills, MI"
"Rochester, MI"
"Rochester, MN"
"Rochester, NH"
"Rochester, NY"
"Rock Falls, IL"
"Rock Hill, MO"
"Rock Hill, SC"
"Rock Island, IL"
"Rock Springs, WY"
"Rockcreek, OR"
"Rockford, IL"
"Rockledge, FL"
"Rocklin, CA"
"Rockport, TX"
"Rockville Centre, NY"
"Rockville, MD"
"Rockwall, TX"
"Rocky Hill, CT"
"Rocky Mount, NC"
"Rocky River, OH"
"Roeland Park, KS"
"Rogers, AR"
"Rogers, MN"
"Rohnert Park, CA"
"Rolesville, NC"
"Rolla, MO"
"Rolling Meadows, IL"
"Rome, GA"
"Rome, NY"
"Romeo, MI"
"Romeoville, IL"
"Romulus, MI"
"Ronkonkoma, NY"
"Rosamond, CA"
"Roscoe, IL"
"Roseburg, OR"
"Rosedale, MD"
"Roselle, IL"
"Roselle, NJ"
"Rosemead, CA"
"Rosemont, CA"
"Rosemount, MN"
"Rosenberg, TX"
"Roseville, CA"
"Roseville, MI"
"Roseville, MN"
"Rosharon, TX"
"Rossville, GA"
"Rossville, MD"
"Roswell, GA"
"Roswell, NM"
"Rotonda West, FL"
"Round Lake Beach, IL"
"Round Rock, TX"
"Rowland Heights, CA"
"Rowlett, TX"
"Roy, UT"
"Royal Oak, MI"
"Royal Palm Beach, FL"
"Royersford, PA"
"Royse City, TX"
"Ruskin, FL"
"Russellville, AR"
"Rustburg, VA"
"Ruston, LA"
"Rutherford, NJ"
"Rye, NY"
"Sachse, TX"
"Saco, ME"
"Sacramento, CA"
"Saddle Brook, NJ"
"Saddlebrooke, AZ"
"Safety Harbor, FL"
"Sag Harbor, NY"
"Sagaponack, NY"
"Saginaw, MI"
"Saginaw, TX"
"Sahuarita, AZ"
"Saint Albans, WV"
"Saint Ann, MO"
"Saint Anthony, MN"
"Saint Augustine Beach, FL"
"Saint Augustine, FL"
"Saint Charles, IL"
"Saint Charles, MO"
"Saint Clair Shores, MI"
"Saint Cloud, FL"
"Saint Cloud, MN"
"Saint Francis, WI"
"Saint George, UT"
"Saint Hedwig, TX"
"Saint Helens, OR"
"Saint James, MO"
"Saint Johns, FL"
"Saint Joseph, MO"
"Saint Louis Park, MN"
"Saint Louis, MO"
"Saint Marys, GA"
"Saint Michael, MN"
"Saint Paul, MN"
"Saint Pete Beach, FL"
"Saint Peters, MO"
"Saint Petersburg, FL"
"Saint Robert, MO"
"Saint Simons Island, GA"
"Salem, MA"
"Salem, NH"
"Salem, OR"
"Salem, VA"
"Salida, CO"
"Salina, KS"
"Salinas, CA"
"Salisbury, MD"
"Salisbury, NC"
"Salt Lake City, UT"
"Sammamish, WA"
"San Angelo, TX"
"San Anselmo, CA"
"San Antonio, FL"
"San Antonio, TX"
"San Bernardino, CA"
"San Bruno, CA"
"San Carlos, CA"
"San Clemente, CA"
"San Diego, CA"
"San Dimas, CA"
"San Fernando, CA"
"San Francisco, CA"
"San Gabriel, CA"
"San Jacinto, CA"
"San Jose, CA"
"San Juan Capistrano, CA"
"San Juan, TX"
"San Leandro, CA"
"San Lorenzo, CA"
"San Luis Obispo, CA"
"San Marcos, CA"
"San Marcos, TX"
"San Marino, CA"
"San Mateo, CA"
"San Pablo, CA"
"San Rafael, CA"
"San Ramon, CA"
"San Tan Valley, AZ"
"Sand Springs, OK"
"Sandpoint, ID"
"Sandusky, OH"
"Sandy Springs, GA"
"Sandy, OR"
"Sandy, UT"
"Sanford, FL"
"Sanford, ME"
"Sanford, NC"
"Sanger, TX"
"Santa Ana, CA"
"Santa Barbara, CA"
"Santa Clara, CA"
"Santa Clara, UT"
"Santa Clarita, CA"
"Santa Cruz, CA"
"Santa Fe Springs, CA"
"Santa Fe, NM"
"Santa Maria, CA"
"Santa Monica, CA"
"Santa Rosa Beach, FL"
"Santa Rosa, CA"
"Santa Teresa, NM"
"Santaquin, UT"
"Santee, CA"
"Sappington, MO"
"Sapulpa, OK"
"Saraland, AL"
"Sarasota, FL"
"Saratoga Springs, NY"
"Saratoga Springs, UT"
"Saratoga, CA"
"Sartell, MN"
"Satellite Beach, FL"
"Saugus, MA"
"Saukville, WI"
"Sausalito, CA"
"Savage, MN"
"Savannah, GA"
"Savoy, IL"
"Sayville, NY"
"Scarborough, ME"
"Scarsdale, NY"
"Schaumburg, IL"
"Schenectady, NY"
"Schertz, TX"
"Schiller Park, IL"
"Scotts Valley, CA"
"Scottsdale, AZ"
"Scranton, PA"
"Seabrook, TX"
"Seagoville, TX"
"Seal Beach, CA"
"Searcy, AR"
"Seaside Heights, NJ"
"Seaside, CA"
"Seaside, OR"
"Seatac, WA"
"Seattle, WA"
"Sebastian, FL"
"Sebastopol, CA"
"Sebring, FL"
"Secaucus, NJ"
"Security-Widefield, CO"
"Sedalia, MO"
"Sedona, AZ"
"Sedro-Woolley, WA"
"Seffner, FL"
"Seguin, TX"
"Selah, WA"
"Selinsgrove, PA"
"Selma, CA"
"Selma, NC"
"Selma, TX"
"Seminole, FL"
"Seneca, SC"
"Sequim, WA"
"Severn, MD"
"Sevierville, TN"
"Sewell, NJ"
"Sewickley, PA"
"Seymour, IN"
"Seymour, TN"
"Shaker Heights, OH"
"Shakopee, MN"
"Shalimar, FL"
"Shamokin, PA"
"Sharon, MA"
"Sharonville, OH"
"Shawnee, KS"
"Shawnee, OK"
"Sheboygan, WI"
"Sheffield, AL"
"Shelby Township, MI"
"Shelby, NC"
"Shelbyville, IN"
"Shelbyville, TN"
"Shelley, ID"
"Shelton, CT"
"Shelton, WA"
"Shenandoah, TX"
"Shepherdsville, KY"
"Sheridan, CO"
"Sheridan, IN"
"Sherman, TX"
"Sherrills Ford, NC"
"Sherwood, AR"
"Sherwood, OR"
"Shiloh, IL"
"Shiloh, OH"
"Shingle Springs, CA"
"Shippensburg, PA"
"Shoreline, WA"
"Shoreview, MN"
"Shorewood, WI"
"Short Hills, NJ"
"Show Low, AZ"
"Shreveport, LA"
"Shrewsbury, MA"
"Sicklerville, NJ"
"Sidney, OH"
"Sierra Madre, CA"
"Sierra Vista, AZ"
"Siesta Key, FL"
"Signal Hill, CA"
"Signal Mountain, TN"
"Siloam Springs, AR"
"Silver Spring, MD"
"Silverdale, WA"
"Silverthorne, CO"
"Silverton, OH"
"Simi Valley, CA"
"Simpsonville, SC"
"Simsbury, CT"
"Sioux City, IA"
"Sioux Falls, SD"
"Sisters, OR"
"Sixteen Mile Stand, OH"
"Skiatook, OK"
"Skokie, IL"
"Sleepy Hollow, NY"
"Slidell, LA"
"Smithfield, NC"
"Smithfield, VA"
"Smyrna, GA"
"Smyrna, TN"
"Sneads Ferry, NC"
"Snellville, GA"
"Snohomish, WA"
"Snoqualmie, WA"
"Snowmass Village, CO"
"Social Circle, GA"
"Socorro, TX"
"Soddy-Daisy, TN"
"Solana Beach, CA"
"Soldotna, AK"
"Solvang, CA"
"Somers, WI"
"Somerset, KY"
"Somerset, NJ"
"Somerton, AZ"
"Somerville, MA"
"Somerville, NJ"
"Sonoma, CA"
"Sonora, CA"
"Souderton, PA"
"South Amboy, NJ"
"South Bend, IN"
"South Boston, VA"
"South Burlington, VT"
"South Charleston, WV"
"South Daytona, FL"
"South Euclid, OH"
"South Gate, CA"
"South Jordan, UT"
"South Kingstown, RI"
"South Lake Tahoe, CA"
"South Milwaukee, WI"
"South Ogden, UT"
"South Orange, NJ"
"South Park, PA"
"South Pasadena, CA"
"South Pasadena, FL"
"South Plainfield, NJ"
"South Portland, ME"
"South Saint Paul, MN"
"South Salt Lake, UT"
"South San Francisco, CA"
"South Windsor, CT"
"Southampton, NY"
"Southampton, PA"
"Southaven, MS"
"Southbridge, MA"
"Southern Pines, NC"
"Southfield, MI"
"Southgate, MI"
"Southington, CT"
"Spanaway, WA"
"Spanish Fork, UT"
"Spanish Fort, AL"
"Spanish Lake, MO"
"Sparks, NV"
"Spartanburg, SC"
"Speedway, IN"
"Spencerport, NY"
"Spicewood, TX"
"Splendora, TX"
"Spokane Valley, WA"
"Spokane, WA"
"Spotsylvania, VA"
"Spring Branch, TX"
"Spring Hill, FL"
"Spring Hill, TN"
"Spring Lake, MI"
"Spring Lake, NC"
"Spring Lake, NJ"
"Spring Valley, CA"
"Spring, TX"
"Springboro, OH"
"Springdale, AR"
"Springdale, OH"
"Springfield, FL"
"Springfield, GA"
"Springfield, IL"
"Springfield, MA"
"Springfield, MO"
"Springfield, NJ"
"Springfield, OH"
"Springfield, OR"
"Springfield, TN"
"Springfield, VA"
"Springvale, ME"
"Springville, UT"
"Stafford, TX"
"Stafford, VA"
"Stallings, NC"
"Stamford, CT"
"Stanton, CA"
"Star, ID"
"Starkville, MS"
"State College, PA"
"Statesboro, GA"
"Statesville, NC"
"Staunton, VA"
"Steamboat Springs, CO"
"Steger, IL"
"Steilacoom, WA"
"Stephens City, VA"
"Stephenville, TX"
"Sterling Heights, MI"
"Sterling, CO"
"Sterling, VA"
"Stevens Point, WI"
"Stevenson Ranch, CA"
"Stillwater, MN"
"Stillwater, OK"
"Stockbridge, GA"
"Stockton, CA"
"Stone Mountain, GA"
"Stoneham, MA"
"Stoughton, MA"
"Stoughton, WI"
"Stow, OH"
"Stratford, CT"
"Stratmoor, CO"
"Streamwood, IL"
"Stroudsburg, PA"
"Struthers, OH"
"Stuart, FL"
"Suffolk, VA"
"Sugar Creek, MO"
"Sugar Hill, GA"
"Sugar Land, TX"
"Sugarcreek, OH"
"Suisun City, CA"
"Sulphur Springs, TX"
"Sulphur, LA"
"Sultan, WA"
"Summerfield, FL"
"Summerville, SC"
"Summit, NJ"
"Sumner, WA"
"Sumter, SC"
"Sun City Center, FL"
"Sun City West, AZ"
"Sun City, AZ"
"Sun Prairie, WI"
"Sunbury, OH"
"Sunny Isles Beach, FL"
"Sunnyvale, CA"
"Sunrise, FL"
"Sunset Beach, NC"
"Superior, CO"
"Superior, MI"
"Superior, WI"
"Surf City, NC"
"Surfside Beach, SC"
"Surfside, FL"
"Surprise, AZ"
"Suwanee, GA"
"Swansea, IL"
"Swartz Creek, MI"
"Sweetwater, FL"
"Sycamore, IL"
"Sykesville, MD"
"Sylacauga, AL"
"Sylva, NC"
"Sylvania, OH"
"Syosset, NY"
"Syracuse, NY"
"Syracuse, UT"
"Tacoma, WA"
"Taft, CA"
"Takoma Park, MD"
"Tallahassee, FL"
"Tamarac, FL"
"Tampa, FL"
"Taos, NM"
"Tarboro, NC"
"Tarpon Springs, FL"
"Taunton, MA"
"Tavares, FL"
"Taylor, MI"
"Taylor, TX"
"Taylors, SC"
"Taylorsville, UT"
"Teaneck, NJ"
"Tehachapi, CA"
"Temecula, CA"
"Tempe, AZ"
"Temple City, CA"
"Temple Hills, MD"
"Temple Terrace, FL"
"Temple, GA"
"Temple, TX"
"Tenafly, NJ"
"Tequesta, FL"
"Terre Haute, IN"
"Terrell, TX"
"Tewksbury, MA"
"Texarkana, TX"
"Texas City, TX"
"The Colony, TX"
"The Crossings, FL"
"The Dalles, OR"
"The Hammocks, FL"
"The Villages, FL"
"Thibodaux, LA"
"Thief River Falls, MN"
"Thomasville, GA"
"Thomasville, NC"
"Thompsons Station, TN"
"Thonotosassa, FL"
"Thorndale, PA"
"Thornton, CO"
"Thousand Oaks, CA"
"Tiburon, CA"
"Tierra Verde, FL"
"Tiffin, IA"
"Tifton, GA"
"Tigard, OR"
"Timnath, CO"
"Tinley Park, IL"
"Tinton Falls, NJ"
"Tipp City, OH"
"Titusville, FL"
"Toledo, OH"
"Tolleson, AZ"
"Tomah, WI"
"Tomball, TX"
"Toms River, NJ"
"Tonawanda, NY"
"Toney, AL"
"Tonganoxie, KS"
"Tooele, UT"
"Topeka, KS"
"Torrance, CA"
"Torrington, CT"
"Tortolita, AZ"
"Towson, MD"
"Trabuco Canyon, CA"
"Tracy, CA"
"Travelers Rest, SC"
"Traverse City, MI"
"Treasure Island, FL"
"Tremonton, UT"
"Trenton, NJ"
"Trenton, OH"
"Trophy Club, TX"
"Trotwood, OH"
"Troutdale, OR"
"Troutman, NC"
"Troy, AL"
"Troy, IL"
"Troy, MI"
"Troy, NY"
"Troy, OH"
"Troy, TX"
"Truckee, CA"
"Trumbull, CT"
"Trussville, AL"
"Tualatin, OR"
"Tuckahoe, NY"
"Tucker, GA"
"Tucson, AZ"
"Tukwila, WA"
"Tulare, CA"
"Tulsa, OK"
"Tumwater, WA"
"Tupelo, MS"
"Turlock, CA"
"Turpin Hills, OH"
"Turtle Creek, PA"
"Tuscaloosa, AL"
"Tuscumbia, AL"
"Tustin, CA"
"Twentynine Palms, CA"
"Twin Falls, ID"
"Two Rivers, WI"
"Tyler, TX"
"Ukiah, CA"
"Umatilla, FL"
"Union City, CA"
"Union City, GA"
"Union City, NJ"
"Union, NJ"
"Uniontown, OH"
"Uniontown, PA"
"Universal City, TX"
"University City, MO"
"University Heights, OH"
"University Park, TX"
"University Place, WA"
"Upland, CA"
"Upper Arlington, OH"
"Upper Darby, PA"
"Upper Marlboro, MD"
"Upton, MA"
"Urbana, IL"
"Urbana, OH"
"Urbandale, IA"
"Utica, NY"
"Vacaville, CA"
"Vadnais Heights, MN"
"Vail, AZ"
"Vail, CO"
"Valdosta, GA"
"Vallejo, CA"
"Valley City, ND"
"Valley Park, MO"
"Valley Stream, NY"
"Valparaiso, IN"
"Valrico, FL"
"Van Buren, AR"
"Vancouver, WA"
"Vandalia, OH"
"Vass, NC"
"Venice, FL"
"Ventnor City, NJ"
"Ventura, CA"
"Venus, TX"
"Verdi, NV"
"Vermillion, SD"
"Vernon Hills, IL"
"Vernon Rockville, CT"
"Vernon, NY"
"Vero Beach, FL"
"Verona, PA"
"Verona, WI"
"Versailles, KY"
"Vestavia Hills, AL"
"Victoria, MN"
"Victoria, TX"
"Victorville, CA"
"Vidalia, GA"
"Vienna, VA"
"View Park-Windsor Hills, CA"
"Villa Park, IL"
"Villa Rica, GA"
"Village of Palmetto Bay, FL"
"Vineyard, UT"
"Vinings, GA"
"Vinton, VA"
"Virginia Beach, VA"
"Visalia, CA"
"Vista, CA"
"Volo, IL"
"Voorhees Township, NJ"
"Waco, TX"
"Waconia, MN"
"Waddell, AZ"
"Wadsworth, OH"
"Wahiawa, HI"
"Wahpeton, ND"
"Waialua, HI"
"Waianae, HI"
"Waikoloa, HI"
"Wailuku, HI"
"Waipahu, HI"
"Waite Park, MN"
"Wake Forest, NC"
"Wakefield, MA"
"Waldorf, MD"
"Walker, LA"
"Walker, MI"
"Walkersville, MD"
"Walla Walla, WA"
"Waller, TX"
"Wallingford, CT"
"Wallington, NJ"
"Walls, MS"
"Walnut Creek, CA"
"Walnut, CA"
"Walpole, MA"
"Waltham, MA"
"Walthourville, GA"
"Wappingers Falls, NY"
"Ward, AR"
"Warner Robins, GA"
"Warr Acres, OK"
"Warren, MI"
"Warren, OH"
"Warren, RI"
"Warrensburg, MO"
"Warrenton, MO"
"Warrenton, VA"
"Warrenville, IL"
"Warrington, PA"
"Warsaw, IN"
"Warwick, NY"
"Warwick, RI"
"Washington Terrace, UT"
"Washington, DC"
"Washington, IL"
"Washington, NJ"
"Washington, PA"
"Washington, UT"
"Washougal, WA"
"Wasilla, AK"
"Watauga, TX"
"Water Mill, NY"
"Waterbury, CT"
"Waterford, CT"
"Waterford, MI"
"Waterloo, IA"
"Watertown, CT"
"Watertown, MA"
"Watertown, NY"
"Watertown, SD"
"Watertown, WI"
"Waterville, ME"
"Watervliet, NY"
"Watford City, ND"
"Watkinsville, GA"
"Watsonville, CA"
"Waukee, IA"
"Waukegan, IL"
"Waukesha, WI"
"Wausau, WI"
"Wauwatosa, WI"
"Waxahachie, TX"
"Waxhaw, NC"
"Waycross, GA"
"Wayland, MI"
"Wayne, MI"
"Wayne, NJ"
"Wayne, PA"
"Waynesboro, PA"
"Waynesboro, VA"
"Waynesville, MO"
"Waynesville, NC"
"Wayzata, MN"
"Weatherford, OK"
"Weatherford, TX"
"Weaverville, NC"
"Webb City, MO"
"Webster, NY"
"Webster, TX"
"Wedgefield, FL"
"Weehawken, NJ"
"Weirton, WV"
"Weldon Spring, MO"
"Wellesley, MA"
"Wellford, SC"
"Wellington, CO"
"Wellington, FL"
"Wenatchee, WA"
"Wendell, NC"
"Wentzville, MO"
"Weslaco, TX"
"Wesley Chapel, FL"
"West Allis, WI"
"West Bend, WI"
"West Bloomfield, MI"
"West Carrollton, OH"
"West Chester, OH"
"West Chester, PA"
"West Columbia, SC"
"West Covina, CA"
"West Deptford Township, NJ"
"West Des Moines, IA"
"West Dundee, IL"
"West Fargo, ND"
"West Hartford, CT"
"West Haven, CT"
"West Haven, UT"
"West Hempstead, NY"
"West Henrietta, NY"
"West Hollywood, CA"
"West Jordan, UT"
"West Lafayette, IN"
"West Linn, OR"
"West Little River, FL"
"West Long Branch, NJ"
"West Melbourne, FL"
"West Miami, FL"
"West Mifflin, PA"
"West Monroe, LA"
"West New York, NJ"
"West Orange, NJ"
"West Palm Beach, FL"
"West Park, FL"
"West Richland, WA"
"West Sacramento, CA"
"West Saint Paul, MN"
"West Slope, OR"
"West Valley City, UT"
"West Warwick, RI"
"Westampton Township, NJ"
"Westborough, MA"
"Westbrook, ME"
"Westbury, NY"
"Westchase, FL"
"Westerly, RI"
"Westerville, OH"
"Westfield, IN"
"Westfield, MA"
"Westfield, NJ"
"Westford, MA"
"Westhampton Beach, NY"
"Westlake Village, CA"
"Westlake, LA"
"Westlake, OH"
"Westland, MI"
"Westminster, CA"
"Westminster, CO"
"Westminster, MD"
"Westmont, CA"
"Westmont, IL"
"Weston, FL"
"Westport, CT"
"Westview, FL"
"Westwood, MA"
"Westworth Village, TX"
"Wethersfield, CT"
"Wexford, PA"
"Weymouth, MA"
"Wheat Ridge, CO"
"Wheaton, IL"
"Wheeling, IL"
"Wheeling, WV"
"White Bear Lake, MN"
"White House, TN"
"White Lake, MI"
"White Plains, NY"
"White Settlement, TX"
"Whitefish, MT"
"Whitehall, OH"
"Whitehouse, TX"
"Whitestown, IN"
"Whiting, IN"
"Whitsett, NC"
"Whittier, CA"
"Wichita Falls, TX"
"Wichita, KS"
"Wickenburg, AZ"
"Wildomar, CA"
"Wildwood, FL"
"Wilkes-Barre, PA"
"Williamsburg, VA"
"Williamsport, PA"
"Williamsville, NY"
"Willimantic, CT"
"Willis, TX"
"Williston, ND"
"Williston, VT"
"Willoughby, OH"
"Willow Grove, PA"
"Willow Park, TX"
"Willow Spring, NC"
"Willow Springs, IL"
"Willow Street, PA"
"Willowbrook, IL"
"Wilmington, DE"
"Wilmington, NC"
"Wilson, NC"
"Wilsonville, OR"
"Wilton Manors, FL"
"Wilton, CT"
"Wimauma, FL"
"Winchester, CA"
"Winchester, KY"
"Winchester, MA"
"Winchester, TN"
"Winchester, VA"
"Winder, GA"
"Windermere, FL"
"Windham, ME"
"Windsor Heights, IA"
"Windsor Mill, MD"
"Windsor, CA"
"Windsor, CO"
"Windsor, CT"
"Winona, MN"
"Winooski, VT"
"Winslow, AZ"
"Winston-Salem, NC"
"Winter Garden, FL"
"Winter Haven, FL"
"Winter Park, CO"
"Winter Park, FL"
"Winter Springs, FL"
"Winterville, NC"
"Winthrop, MA"
"Wisconsin Rapids, WI"
"Woburn, MA"
"Wolfforth, TX"
"Wood River, IL"
"Wood Village, OR"
"Woodbridge, NJ"
"Woodbridge, VA"
"Woodburn, OR"
"Woodbury, MN"
"Woodbury, NJ"
"Woodinville, WA"
"Woodland Park, CO"
"Woodland, CA"
"Woodlawn, OH"
"Woodridge, IL"
"Woodstock, GA"
"Woodstock, IL"
"Woodway, TX"
"Woonsocket, RI"
"Wooster, OH"
"Worcester, MA"
"Worthington, OH"
"Wrentham, MA"
"Wrightsville, PA"
"Wyandotte, MI"
"Wylie, TX"
"Wyncote, PA"
"Wynnewood, PA"
"Wyoming, MI"
"Wyomissing, PA"
"Xenia, OH"
"Yakima, WA"
"Yaphank, NY"
"Yardley, PA"
"Yelm, WA"
"Yonkers, NY"
"Yorba Linda, CA"
"York, PA"
"Yorktown, IN"
"Yorktown, VA"
"Yorkville, IL"
"Youngstown, OH"
"Youngsville, LA"
"Youngsville, NC"
"Youngtown, AZ"
"Ypsilanti, MI"
"Yreka, CA"
"Yuba City, CA"
"Yucaipa, CA"
"Yucca Valley, CA"
"Yukon, OK"
"Yulee, FL"
"Yuma, AZ"
"Zachary, LA"
"Zanesville, OH"
"Zebulon, NC"
"Zephyrhills, FL"
"Zion, IL"
"Zionsville, IN"
