city,state
Moline Acres,MO
Ladue,MO
Point of Rocks,MD
Loch Lynn Heights,MD
Eastborough,KS
Woodall,OK
Wakefield,NH
Florida City,FL
Foster City,CA
Valley Grande,AL
Genesee,CO
Chateau Woods,TX
Maplewood,MN
Suitland-Silver Hill,MD
Parkerfield,KS
Carney,MD
Brooklawn,NJ
Lakeline,OH
North Miami,FL
Oildale,CA
Timbercreek Canyon,TX
Bridgewater Township,NJ
Wilton Manors,FL
Wauwatosa,WI
Bent Creek,NC
Mountain Village,CO
Croydon,NH
Warren,CT
Gages Lake,IL
Pleasant Hills,PA
Tamiami,FL
Bellmead,TX
Bray,OK
Cheverly,MD
Edgewater Park Township,NJ
Webster,NH
Monfort Heights South,OH
New Pekin,IN
Pines,IN
Lyndhurst,OH
Bald Head Island,NC
Twin Oaks,MO
Anthem,AZ
Valinda,CA
Roaming Shores,OH
Germantown Hills,IL
Millville,OH
Cole,OK
Wayne Lakes Park,OH
Jay,VT
Houston Lake,MO
River Ridge,LA
Vestavia Hills,AL
Southside,AL
Rushford Village,MN
Parkville,MO
West Sharyland,TX
Woodside,CA
Bethel Acres,OK
Proctor,MN
Palm Valley,TX
Southgate,KY
Stallings,NC
Layton,FL
Jacinto City,TX
Westworth Village,TX
Zuehl,TX
South Salt Lake,UT
Fort McKinley,OH
Farmington,MS
Tequesta,FL
Trail Creek,IN
McKinney,TX
Woodland Park,NJ
Doctor Phillips,FL
McIntire,IA
Lake City,GA
Ridge Manor,FL
Crainville,IL
Sandy Springs,GA
Wilbur Park,MO
Fox River,AK
Fife,WA
Guilford,VT
Whiting,WI
Woodford,VT
Lake Quivira,KS
Highland Heights,OH
Limestone,OK
Montecito,CA
Elida,OH
Summit,WA
Long Creek,IL
Oakdale,MN
Ramrod Key,FL
Bonanza,GA
Leland Grove,IL
Taos,MO
Hauser,ID
Grant,MN
Clearview,WV
McCullom Lake,IL
Concord,AL
Point Venture,TX
Pagedale,MO
Rosemont,CA
Camden,DE
La Riviera,CA
Breezy Point,MN
Ashley,PA
Coon Rapids,MN
Vinton,TX
Century Village,FL
Hemby Bridge,NC
Cypress Lakes,FL
Florin,CA
Longview,NC
Sylvan Springs,AL
Ottawa,WI
Fieldsboro,NJ
Comstock Northwest,MI
Sunfish Lake,MN
New Hebron,MS
Cridersville,OH
Chesterfield,MI
Diamond,IL
Asbury,IA
Indian Beach,NC
Fayette,ME
Chesapeake,WV
Varnamtown,NC
Sea Bright,NJ
Ponce Inlet,FL
Garden City,GA
Lyndon,WI
Gosnold,MA
New Shoreham,RI
Everman,TX
Chesterfield Township,NJ
Cicero,WI
North Mankato,MN
McCook,NE
Hallsburg,TX
Lake Isabella,MI
Mountain Park,GA
Brookhaven,GA
Clarksburg,MA
Ponce de Leon,FL
Clayhatchee,AL
Fisher Island,FL
Palm Springs,FL
Glendale,WI
Asharoken,NY
Henderson,LA
Willingboro Township,NJ
White Settlement,TX
Lincoln Village,OH
Grantwood Village,MO
El Lago,TX
Cranbury Township,NJ
Cedar Point,NC
China,MI
Clover Creek,WA
Buffalo City,WI
Rancho Viejo,TX
Columbia,ME
McCaysville,GA
Pine Springs,MN
Bear Valley,CA
Sauk Village,IL
Barrington Hills,IL
Walden,VT
Ogden Dunes,IN
Baneberry,TN
Carmel-by-the-Sea,CA
Fairview Park,OH
North Courtland,AL
Pine Hill,NJ
Fort Mitchell,KY
Cherrylog,GA
Roxbury,WI
Grosse Pointe Farms,MI
McCool Junction,NE
San Leon,TX
"Davenport, IA",IL
Little Grass Valley,CA
Courtdale,PA
Quinby,SC
Clayton,MO
Brighton,VT
Halo,KY
Delanco Township,NJ
Montague Township,NJ
Cedar Hills,UT
Asbury Lake,FL
McDermott,OH
Meadows Place,TX
Park Hills,KY
Pine Haven,WY
Bolton,VT
Jersey Village,TX
Mount Charleston,NV
Mack North,OH
Lake Forest Park,WA
Saint Lucie,FL
Golf Manor,OH
Bingham Farms,MI
Chattahoochee Hills,GA
Orchard Grass Hills,KY
Ryland Heights,KY
Coal Grove,OH
Parker,FL
Euharlee,GA
Shorewood,WI
Cornville,ME
Johnstown,WI
Central Valley,UT
New Whiteland,IN
Lily Lake,IL
Saint Anthony,MN
Olympian Village,MO
Saint John,MO
Redstone,CO
North Belle Vernon,PA
Lanesboro,MA
Boiling Spring Lakes,NC
Park City,KS
Sedro-Woolley,WA
Sugar Mountain,NC
Interlaken,NJ
Rancho Mission Viejo,CA
Riverton-Boulevard Park,WA
Elsmere,KY
The Crossings,FL
Garfield Heights,OH
Dayton,ME
Maharishi Vedic City,IA
Bolivar,WV
Breckenridge Hills,MO
Franklin,CT
Springdale,WI
Good Hope,AL
Shelby Township,MI
Point Pleasant,NJ
Belvidere,VT
Milton,GA
Mason,NH
McDonough,GA
West Leechburg,PA
Bay Hill,FL
Longcreek,SC
Allenstown,NH
Mt Morris,MI
New Hanover Township,NJ
Light Oak,NC
Avoca,PA
Pontoon Beach,IL
Campbell,FL
Mount Pleasant,WI
Exeter,PA
Osborn,WI
Mt Holly Township,NJ
Emerald Lake Hills,CA
Bevil Oaks,TX
El Cenizo,TX
Springfield,FL
North Perry,OH
Volo,IL
River Bend,NC
Mount Washington,MA
Manattee Road,FL
Maytown,AL
Setauket,NY
Gray,TN
McLoud,OK
Turpin Hills,OH
North Riverside,IL
Limestone,IL
Indian River Shores,FL
North Bergen Township,NJ
Demossville,KY
Bedford Heights,OH
Stratmoor,CO
Mountain View,CO
Lafayette,WI
Dellwood,MO
Newark,WI
McLeansboro,IL
Minnetrista,MN
Dunkirk,WI
North Bellmore,NY
Hunter,OH
West End-Cobb Town,AL
Fountainbleau,FL
Athens,VT
Riverlea,OH
Delran Township,NJ
Grandview Heights,OH
Boxboro,MA
West Conshohocken,PA
Carpendale,WV
Sleepy Hollow,WY
Burke,WI
Schall Circle,FL
Northlake,IL
Vinland,WI
Atlantic Beach,SC
Columbia,NH
Brentwood,PA
Fairview,GA
Sandyston Township,NJ
Rose Hill Acres,TX
McConnellsburg,PA
Brooklyn Center,MN
McDowell,VA
Hayesville,OR
Warrensville Heights,OH
Vinings,GA
Pasadena Park,MO
Central High,OK
Lauderdale,MN
Lynwood,IL
Sea Ranch Lakes,FL
White Bear Lake,MN
Manassas Park,VA
Centreville,IL
Round Lake Beach,IL
McGregor,MN
Palmview,TX
Flemington,GA
Algona,WA
Goodview,MN
Southern View,IL
Greater Carrollwood,FL
Brooklyn Park,MD
McSherrystown,PA
Jaars,NC
Cinnaminson Township,NJ
Kennedy,CA
Johnsburg,IL
Palisades,TX
Graeagle,CA
Dix Hills,NY
Jennings Lodge,OR
Trophy Club,TX
Wamac,IL
Morristown,VT
Park Ridge,WI
China Grove,TX
Patton,TX
South Toms River,NJ
Hebron Estates,KY
Westgate-Belvedere Homes,FL
Dover,VT
"Bluefield, WV",VA
Bel-Ridge,MO
Sleepy Hollow,IL
Cape Carteret,NC
Lake Park,FL
Copley,OH
Grand Chute,WI
Seven Points,TX
Richmond,NH
Webster Groves,MO
Clarendon,VT
Montgomery,OH
La Prairie,WI
Hypoluxo,FL
Leary,TX
Sheffield,OH
Hudson Oaks,TX
Grosse Pointe Woods,MI
Brownstown,MI
Laurel Springs,NJ
Centralhatchee,GA
Clear Lake,IN
Country Club Hills,MO
Bordentown Township,NJ
University Park,FL
Goldcreek,MT
Walnut Grove,GA
Blacklick Estates,OH
Fort McDowell,AZ
Sunrise,FL
Canaedea,NY
Kirby,VT
Grayson Valley,AL
Everglades,FL
Kettering,OH
Spring Prairie,WI
Tiburon,CA
North Plainfield,NJ
Colts Neck Township,NJ
Deering,NH
Bailey Lakes,OH
Jacobus,PA
Fairview Park,IN
East Cape Girardeau,IL
Hybla Valley,VA
Naples,UT
McCune,KS
Annetta North,TX
Moraine,OH
Lido Beach,NY
Brentwood,NH
Gladeview,FL
Industrial,GA
Rushford,WI
Woodfin,NC
Swoyersville,PA
Chickasaw,AL
Prairie du Chien,WI
Villa Hills,KY
North Kansas City,MO
Madeira Beach,FL
Pecan Acres,TX
Voorhees Township,NJ
Dasher,GA
Arden-Arcade,CA
East Palo Alto,CA
Crestview,KY
South Middletown,OH
Sportsmen Acres,OK
Hartford,ME
McCurtain,OK
Poinciana,FL
Fox Chase,KY
Huron,MI
McKees Rocks,PA
New Miami,OH
Highland Park,TX
Norland,FL
Little Canada,MN
Porter Heights,TX
Hermon,ME
Wedgefield,FL
Camargo,KY
Lanham Seabrook,MD
Walden,TN
Shoreline,WA
Kingstown,NC
Addison,VT
McFall,MO
Cutler Bay,FL
Woodville,GA
Rutland,MI
Fruit Heights,UT
Gladehill,VA
Des Moines,WA
Three Way,TN
West Point,AL
Lohrville,WI
Piperton,TN
Shiloh,IL
Erda,UT
Holland,VT
Kent Acres,DE
Andover,VT
Saint Bernard,OH
Birchwood,MN
East Cleveland,OH
Genesee,WI
Gilt Edge,TN
Gunplain,MI
Highland Haven,TX
Claycomo,MO
Bartlett,TN
Phoenix,IL
Avon by the Sea,NJ
Eatons Neck,NY
Oak Ridge,FL
North Hudson,WI
Indian Shores,FL
West Bath,ME
New Fairview,TX
South Euclid,OH
Poygan,WI
McComb,OH
Lakeside,IA
Winchester,OK
Riomedina,TX
Selmont-West Selmont,AL
North Randall,OH
Hayden Lake,ID
McMinnville,TN
Union Beach,NJ
Saginaw,TX
Whitefish Bay,WI
Lexington Hills,CA
Mount Crested Butte,CO
Del Rey Oaks,CA
Riverwoods,IL
Heber,UT
Randall,WI
White Oak West,OH
Gladstone,MO
McCarr,KY
Del Monte Forest,CA
Wake Village,TX
Dummer,NH
Miami Springs,FL
Spiritwood Lake,ND
River Bluff,KY
McClure,PA
Des Peres,MO
Batesburg-Leesville,SC
North Enid,OK
Weeki Wachee Gardens,FL
McDonald,PA
East Bethel,MN
Lawrence,IN
Corcoran,MN
Madison,MI
Big Coppitt Key,FL
Winslow,ME
East Los Angeles,CA
McBain,MI
Greers Ferry,AR
Albion,WI
Lake Mohegan,NY
Lucas,TX
La Crosse,WA
Saint Pete Beach,FL
Hialeah Gardens,FL
Northlake,TX
Goldsby,OK
Lake Hart,FL
Progreso Lakes,TX
Kenwood,OH
McLouth,KS
Forest Acres,SC
Weissport,PA
Lowry Crossing,TX
Oakland,MO
Point Blank,TX
Industry,ME
Lafayette,GA
De Forest,WI
Penndel,PA
Harrison,WI
Blue Mound,TX
Farragut,TN
Whitaker,PA
La Crescenta-Montrose,CA
Rio Communities,NM
Roseto,PA
Valleyview,OH
Paddock Lake,WI
Black Jack,MO
Concord,MO
Arcola,TX
Alta,UT
Mansfield,CT
Metzger,OR
Clinton,UT
Porter,IN
Pecan Grove,TX
Isle of Palms,SC
Shamong Township,NJ
Green Park,MO
Grey Forest,TX
Forest Heights,MD
Mansfield Township,NJ
Cross Roads,TX
Chelsea,ME
Eatonville,FL
Parks,LA
Fort Salonga,NY
Scotia,NY
Temple Terrace,FL
North Saint Paul,MN
Weston,FL
Beaver Cove Plantation,ME
Glenvar Heights,FL
Prospect,ME
Pennsbury Village,PA
Payne Springs,TX
Otis,ME
Bayou Vista,TX
Ramsey,MN
Clarkson Valley,MO
Oakland Park,FL
Mitchell,WI
Southwest Ranches,FL
Gun Barrel City,TX
Garden Ridge,TX
Dakota Ridge,CO
Alamo Heights,TX
Newport,DE
Woodway,WA
Linn Valley,KS
Crystal Lakes,MO
Highlands Ranch,CO
Lipscomb,AL
Pine Lawn,MO
Fountainhead-Orchard Hills,MD
Westmore,VT
University City,MO
Larksville,PA
Homewood,AL
Braintree,VT
Royalton,VT
Northumberland,NH
Sylvan Lake,MI
Crystal,MN
Monona,WI
Seabrook Island,SC
East Point,GA
West Baraboo,WI
Cherry Creek,CO
Shannon Hills,AR
Sleepy Hollow,NY
Montgomery,MA
McKenney,VA
Raleigh Hills,OR
Sappington,MO
D'Lo,MS
Brownington,VT
Garden Acres,CA
LaGrange,GA
Village of Palmetto Bay,FL
Wyomissing,PA
Sweden,ME
Hainesport Township,NJ
Elwood,UT
Brooklyn Park,MN
Taylor Mill,KY
Dellwood,MN
Lordstown,OH
Wilder,KY
New Milford,IL
East Riverdale,MD
Marlborough,MO
Foxfield,CO
Neuse Forest,NC
McAlester,OK
Gold Hill,CO
Walkerville,MT
Polk,WI
Ford Heights,IL
Corinth,TX
Gahanna,OH
Hot Springs,AR
Seven Devils,NC
West Caldwell,NJ
Clear Lake Shores,TX
Grosse Pointe Shores,MI
Duck,NC
Pemberton Township,NJ
Concord,OH
Chesterfield,IN
Golden Valley,MN
Level Park-Oak Park,MI
Lambs Grove,IA
Taft Mosswood,CA
North Hills,WV
Velda Village,MO
Biron,WI
Prairie Grove,IL
Tabernacle Township,NJ
Sycamore Hills,MO
Sky Lake,FL
Lake Tapawingo,MO
East Haven,CT
Walker,MI
Pasadena Hills,MO
Stewartstown,NH
Isle of Hope,GA
Tortolita,AZ
Manalapan Township,NJ
Redington Beach,FL
Raymond,WI
Blades,DE
Bellerive,MO
Grantfork,IL
Stannard,VT
Oak Park Heights,MN
Nissequogue,NY
Saint Leon,IN
"Weirton, WV",OH
Evesham Township,NJ
Edgewood,FL
Summit,WI
Alondra Park,CA
Beach Park,IL
Tremont,ME
Mayfield,PA
McGrath,MN
Morgans Point,TX
Carolina Shores,NC
Lloyd Harbor,NY
Rockdale,IL
South Carthage,TN
Fifth Street,TX
Mendon,VT
Indian Head Park,IL
Melbourne Village,FL
Oro Valley,AZ
Bangor Township,MI
Homeland,GA
Edgecliff Village,TX
White Oak,PA
Mouth of Wilson,VA
Shueyville,IA
Upper Arlington,OH
Alton,TX
Lakeside Park,KY
Lake Hallie,WI
East Williston,NY
Shelburne,NH
Weathersfield,VT
Holden Heights,FL
Campbell Station,AR
Central City,IL
"Grand Forks, ND",MN
Blawnox,PA
Richwood,TX
Lake Shore,MN
Holly Hill,FL
Malden,NY
Village of Loch Lloyd,MO
Antelope Valley-Crestview,WY
Olivette,MO
Slaughter Beach,DE
Belville,NC
Coto de Caza,CA
Flint Hill,MO
Merriam,KS
Halifax,VT
Thurman,NY
Indian Springs Village,AL
Bellevue,IL
Fort Jackson,NY
Ferguson,MO
Woodmont,CT
West Logan,WV
Sunset,UT
Munhall,PA
Arnold,PA
North Syracuse,NY
Maine,WI
Bow Mar,CO
Lincoln Heights,OH
Como,WI
Mt Vernon,ME
Buffalo Springs,TX
Falls of Rough,KY
Scanlon,MN
Virginia Gardens,FL
Weatherby Lake,MO
Ridgeside,TN
Forest Park,OH
Marble,CO
Woodlynne,NJ
Creve Coeur,MO
Lebanon Borough,NJ
Powell,AL
Glen Raven,NC
Pine Castle,FL
North Ogden,UT
Westport,OK
Bloomington,MN
Bithlo,FL
Enfield,ME
Middlesex,VT
McDonald,KS
Weddington,NC
Boonton Township,NJ
Overland,MO
Oak Grove Heights,AR
Bruceville-Eddy,TX
Green,MI
Madeira,OH
Dewey-Humboldt,AZ
Hillsboro Beach,FL
Sunderland,VT
Medina,MN
Greenhills,OH
Lyme,CT
New Marlborough,MA
North Topsail Beach,NC
Westway,TX
Eastvale,CA
Burrillville,RI
Arden Hills,MN
Edina,MN
Doolittle,MO
Davie,FL
Sardis City,AL
Shoal Creek Drive,MO
Lucerne,WY
Sprague,CT
Sweetwater,FL
Timberwood Park,TX
Glen Park,NY
Meadowlakes,TX
Rolling Hills,WY
Dodge City,AL
Champion Heights,OH
Woodland,ME
El Portal,FL
McMechen,WV
Lauderhill,FL
Huntleigh,MO
McMurray,PA
Carl,GA
Third Lake,IL
Murray,UT
Miner,MO
Pinewood,FL
McKinleyville,CA
South Pasadena,FL
Krugerville,TX
Tukwila,WA
Freetown,MA
Bright,IN
Cedar Valley,OK
Kirby,TX
Haddon Township,NJ
Snead,AL
Beavercreek,OH
Fridley,MN
Mount Olympus,UT
University Park,TX
Panorama Village,TX
Gulf Hills,MS
Middleton,NH
Lafollette,TN
Royal Palm Estates,FL
Orchard Lake,MI
Dewey Beach,DE
Brentwood,MO
Velda Village Hills,MO
Cherry Hills Village,CO
Winhall,VT
Lake Buena Vista,FL
Pilesgrove,NJ
Lawrence,WI
Rodney Village,DE
Potter Lake,WI
South Jacksonville,IL
Hillcrest Heights,FL
Plum Springs,KY
Herman,WI
Perry,UT
Pleasant View,UT
Brighton,AL
Oyster Creek,TX
Ship Bottom,NJ
Princeville,NC
South Highpoint,FL
"Wheeling, WV",OH
West Park,FL
College Park,GA
Genola,UT
Hueytown,AL
Helena,GA
Lakemoor,IL
Byram Township,NJ
Nutter Fort,WV
Forestview,IL
Mt Laurel Township,NJ
Lincoln Village,CA
Fox Lake Hills,IL
Treasure Island,FL
La Grange,WI
Pleak,TX
Cove,TX
Elmwood Place,OH
Highland Lake,AL
Fort Hunt,VA
McCutchenville,OH
Cecil-Bishop,PA
Woolsey,GA
Clarksville,NH
Greenwood,MN
Chesilhurst,NJ
Pettit,OK
Riverview,MO
Liberty City,TX
Federal Heights,CO
Garrison,MD
Normandy Park,WA
Lyman,ME
Fletcher,VT
Lago Vista,TX
West Deptford Township,NJ
Porter,WI
Golden Glades,FL
Midfield,AL
Cutlerville,MI
Leawood,MO
Westover,WV
Mahwah Township,NJ
Washington Park,IL
Pine Island,TX
Spring Lake Park,MN
Wilkes-Barre,PA
West Orange,TX
Hoover,AL
Sandusky South,OH
North Redington Beach,FL
Ovilla,TX
McCloud,CA
Commerce,CA
Truth or Consequences,NM
Post Oak Bend City,TX
Richland Hills,TX
Burlington Township,NJ
Seatac,WA
Parkman,ME
North Logan,UT
Sandwich,NH
Fleet Mills,NY
Beach City,TX
Cinco Ranch,TX
Star Harbor,TX
Highgate,VT
Orange,OH
Neptune Township,NJ
Wilson-Conococheague,MD
Pittston,ME
Parker,TX
Hanover,OH
Island City,OR
King of Prussia,PA
Elmore,VT
Montgomery,GA
McIntosh,MN
Apple Valley,MN
Cross Timber,TX
Thompsonville,PA
Urban Honolulu,HI
Fair Oaks Ranch,TX
Florence Township,NJ
McGaheysville,VA
Kearns,UT
Fairmount Heights,MD
Chesterbrook,PA
Palm Beach Shores,FL
Highland Springs,VA
Dedham,ME
Morada,CA
Derby,CO
West Carson,CA
Midwest City,OK
Garden Home-Whitford,OR
Selma,TX
Springfield,MI
Sugar Creek,MO
Haskell,AR
Abram-Perezville,TX
North Pekin,IL
Golden Beach,FL
Jamaica Beach,TX
Oakwood Hills,IL
Westover Hills,TX
Hanley Hills,MO
Huber Heights,OH
Bovina,WI
Deer Park,IL
Manalapan,FL
Saint George,MO
Panton,VT
River Oaks,TX
Rehobeth,AL
Waller,WA
McDonald Chapel,AL
Lakeside Green,FL
Etna,PA
Pomfret,VT
Jupiter Inlet Colony,FL
Lakeside,TX
Easton,NH
Oakbrook Terrace,IL
Hardwick Township,NJ
Oronoko,MI
Marine on Saint Croix,MN
Pioneer Village,KY
Sherman,WI
Harvey Cedars,NJ
Mountain Lake Park,MD
St George,ME
Long Beach,MN
Vermont,WI
Terrell Hills,TX
Skyline,MN
Ellisville,MO
Corwin,OH
Granite,UT
Langdon,NH
Wardner,ID
Stratford,NH
Ca-¦on City,CO
Oak Grove,AL
Balcones Heights,TX
Hillcrest,TX
Ivyland,PA
Glasgow Village,MO
Berkley,CO
Ashwaubenon,WI
Sansom Park,TX
Burr Ridge,IL
Avondale,MO
Turtle,WI
Warson Woods,MO
Saks,AL
Laureldale,PA
Irondale,AL
Leicester,VT
McFarland,WI
Sugar Bush Knolls,OH
Portsmouth,MI
West Hazleton,PA
Rome,ME
Cumberland,ME
Rosemount,OH
Mount Aetna,MD
Airmont,NY
Wardsville,MO
West Allis,WI
Florence-Graham,CA
Bear River,WY
Parma Heights,OH
Woodland Hills,UT
Skidaway Island,GA
Oak Grove,TX
West Pittston,PA
Taylor,AL
West Melbourne,FL
Lyman,NH
Spaulding,IL
McCallsburg,IA
Kachemak City,AK
South Congaree,SC
Bentleyville,OH
Spring Lake,IN
Oak Grove,SC
Bal Harbour,FL
Utica,IN
Lacy-Lakeview,TX
Newburgh,ME
Cammack Village,AR
Castle Pines,CO
Highland,UT
Minerva Park,OH
Norwood,IL
Wayne,WI
Wilsonville,KY
Miami Lakes,FL
Flordell Hills,MO
Bridgetown,OH
Jean Lafitte,LA
Cudahy,CA
Innsbrook,MO
Silver Lake,OH
Enterprise,FL
Colma,CA
Victory Gardens,NJ
Hazlet Township,NJ
Millvale,PA
Silver Cliff,CO
Aquinnah,MA
New Hope,TN
East Germantown,IN
Kirtland Hills,OH
Lakeland Shores,MN
Hill Country Village,TX
Uplands Park,MO
Heidelberg,PA
Spanish Valley,UT
Bay Harbor Islands,FL
Stratton,VT
South Amherst,OH
Retreat,TX
Rollingwood,TX
Grandview,IL
Holiday Hills,IL
Fire Island Pines,NY
Union,OH
Brooklyn,OH
Shillington,PA
Sunset Valley,TX
North Tustin,CA
Beverly Hills,MI
Pleasant Gap,PA
East Gull Lake,MN
Laytonsville,MD
Bellefonte,DE
Barnstable Town,MA
Golf,FL
Briaroaks,TX
Fort Coffee,OK
Medina,WI
Mountain Brook,AL
Minnesott Beach,NC
Pembroke,NH
Westport,ME
Ranlo,NC
Silo,OK
Eaton,NH
Covedale,OH
Lakesite,TN
Murphy,TX
Westwood,KS
New Berlin,TX
Byng,OK
Beverly Hills,TX
Spring Grove,IN
Ryegate,VT
Shenandoah,TX
Reiles Acres,ND
Rock Island,OK
Castle Point,MO
North Hornell,NY
Jones Creek,TX
Slaughterville,OK
Valley View,OH
Roosevelt Park,MI
Ingleside on the Bay,TX
Northfield,ME
Rye Brook,NY
Riverside,OH
Tarrant,AL
Montebello,NY
Wintergreen,VA
St. Marys,GA
Riverdale,UT
Muskegon Heights,MI
Saint Augusta,MN
Monongah,WV
St. Joseph,MO
Pleasant Run Farm,OH
Pembroke Park,FL
Alpine,MI
McClave,CO
Affton,MO
Lake Barrington,IL
Saint Louis Park,MN
Churchville,PA
White Oak East,OH
Shorewood Hills,WI
Kiawah Island,SC
Downieville-Lawson-Dumont,CO
New Strawn,KS
Stock Island,FL
South Corning,NY
Westampton Township,NJ
Sunrise Beach,TX
Landaff,NH
Black Wolf,WI
Bella Villa,MO
New Brighton,MN
Newark,VT
Sparta Township,NJ
Baiting Hollow,NY
Tusculum,TN
South Kingstown,RI
Montrose,VA
Duboistown,PA
Huber Ridge,OH
Chatham,NH
Woodbury,MN
Weldon Spring,MO
Whispering Pines,NC
Edgewater,AL
Beecher,MI
Doffing,TX
Kensington,NH
Oyster Bay Cove,NY
Miromar Lakes,FL
Shrewsbury,VT
Horizon City,TX
West Slope,OR
Willoughby Hills,OH
Columbine Valley,CO
Park Layne,OH
Mendota Heights,MN
Mar-Mac,NC
Castleton-on-Hudson,NY
Lake Saint Croix Beach,MN
Richfield,MN
Dunn,WI
Bay Head,NJ
Weston,ME
Lima,WI
Bannockburn,IL
Wheatly Heights,NY
Country Club,MO
McLain,MS
Unity,NH
Grosse Pointe Park,MI
South Hempstead,NY
Howey in the Hills,FL
Highfill,AR
Marblehead,OH
McDade,TX
Red Cross,NC
Oak Ridge,TX
Mt Holly,VT
Fitchburg,WI
La Homa,TX
Prichard,AL
Cut and Shoot,TX
Cuyahoga Heights,OH
Lake Worth Beach,FL
Long Beach,IN
Ira,VT
Fox Point,WI
McComb,MS
Richmond,WI
La Cygne,KS
Springfield Township,NJ
South Miami,FL
Chamblee,GA
Olmos Park,TX
Madrid,AL
Fircrest,WA
Sudbury,VT
Rosewood Heights,IL
Lemay,MO
Robinwood,MD
Fairport Harbor,OH
Anderson Mill,TX
Green Brook Township,NJ
Rhine,WI
East Grand Rapids,MI
Pine Knoll Shores,NC
Foxborough,MA
Havre de Grace,MD
Cockrell Hill,TX
Monte Sereno,CA
Agua Dulce,CA
Westchase,FL
Hernando Beach,FL
Meadow Lakes,AK
Florida,MA
Sissonville,WV
Edmonston,MD
Topsail Beach,NC
Baileyton,TN
Hickory Withe,TN
Lake Santeetlah,NC
Damiansville,IL
Beaux Arts Village,WA
Lisbon,WI
Pine Hills,FL
Mangonia Park,FL
Cottonwood West,UT
Northport,ME
Northfield,NH
McKenzie,TN
Rosemont,IL
Obetz,OH
Mayfield Heights,OH
Northfield,IL
Bethlehem,WV
Loch Arbour,NJ
Charlack,MO
Snow Lake Shores,MS
Muttontown,NY
Westwood,KY
Dixmoor,IL
West Compton,CA
Siesta Key,FL
West Puente Valley,CA
Algood,TN
Bellefontaine Neighbors,MO
Fairfax,OH
Greater Landover,MD
Christiana,WI
Sidney,ME
East Hills,NY
Carlisle,OH
Hunting Valley,OH
Leon Valley,TX
Parkland,FL
Bel-Nor,MO
Belwood,NC
Turley,OK
Wyoming,OH
Baldwin,FL
Centennial,CO
Moreland Hills,OH
Hastings on Hudson,NY
Eden Isle,LA
North Lauderdale,FL
Soddy-Daisy,TN
Fayston,VT
West Tawakoni,TX
Shiremanstown,PA
Carnuel,NM
Mildred,TX
Archdale,NC
Berkshire,VT
McMinnville,OR
Rockhill,PA
Amalga,UT
Scituate,RI
Hokes Bluff,AL
Willowick,OH
West Lawn,PA
Bon Air,VA
Lakeland,TN
Raceland,KY
Greencastle,MO
Adelphi,MD
Tinmouth,VT
West Reading,PA
Parkers-Iron Springs,AR
Vienna,MI
Rock,WI
Old River-Winfree,TX
Ivey,GA
Huntington,VA
Royal Oak Township,MI
Rutland,WI
Newburgh Heights,OH
McLean,IL
Helena - West Helena,AR
Trenton,ME
Windsor,NH
Micco,FL
Elmwood Park,WI
Laurium,MI
Gamewell,NC
Center,WI
Woodcreek,TX
Rossville,MD
North Washington,CO
Duxbury,VT
University Park,MD
Lower Burrell,PA
Uncertain,TX
Citrus City,TX
WaKeeney,KS
Lighthouse Point,FL
Los Ranchos de Albuquerque,NM
Lac du Flambeau,WI
Acres Green,CO
St Albans,ME
Burns Harbor,IN
Monitor,MI
Morgans Point Resort,TX
View Park-Windsor Hills,CA
Columbia Heights,MN
Mission Hills,KS
North Caldwell,NJ
Spanish Lake,MO
North Hanover Township,NJ
Avocado Heights,CA
Utica,WI
Timberlake,OH
Bethany,PA
Jurupa Valley,CA
Egypt Lake-Leto,FL
Airport Drive,MO
Leitersburg,MD
Independence,MN
Orleans,IA
Winchester,MO
Olivarez,TX
Reading,OH
August,CA
Branson West,MO
Maple Shade Township,NJ
Union,WI
Richmond Heights,MO
Westwood,MO
Oconomowoc Lake,WI
Nibley,UT
Benbrook,TX
Shavano Park,TX
Michiana Shores,IN
Gilgo-Oak Beach-Captree,NY
St. Cloud,MN
Briarcliffe Acres,SC
South Coffeyville,OK
Corona de Tucson,AZ
Harbor Bluffs,FL
Cottonwood Shores,TX
Lake Kiowa,TX
Chamberlayne,VA
Winston,NC
Kinnelon,NJ
Saint Marys Point,MN
Meggett,SC
Farmers Branch,TX
Hancock,MA
Albany,NH
Montville,ME
Surry,NH
McAdoo,PA
Calumet Park,IL
Cornwall,VT
Reminderville,OH
Wind Lake,WI
Grimes,AL
Woodlawn,KY
Wheatland,WI
Pelham,MA
Coal Run Village,KY
Cedar Rock,NC
Lake Lac La Belle,WI
South Palm Beach,FL
Yeadon,PA
Cherry Grove,OH
Charleston,UT
Deephaven,MN
Burke,VT
Lake Worth,TX
Prospect Park,NJ
Long Lake,IL
Port St. Lucie,FL
Scott,WI
Three Points,AZ
Sugar Notch,PA
Lauderdale-by-the-Sea,FL
Long Grove,IL
Chalkville,AL
Lindenwold,NJ
Opa-locka,FL
Rock Hill,MO
Hollywood Park,TX
East Dundee,IL
Westmont,CA
Timber Pines,FL
Highland Hills,OH
Mitchell Heights,WV
Bourne,MA
St. John,KS
Raisin,MI
Deer Park,MD
Holden Beach,NC
White Center,WA
Pace,FL
Citrus Park,FL
Bel Aire,KS
Newtown,OH
Columbus,MN
Palos Verdes Estates,CA
Vernon,WI
South Daytona,FL
Vinita Park,MO
Walker Mill,MD
Jefferson,WV
Gem Lake,MN
Millcreek,UT
Head of the Harbor,NY
Gardnerville Ranchos,NV
Corbin City,NJ
New Hope,TX
Woodbury,NJ
Portage des Sioux,MO
Orono,MN
Troy,WI
Lincoln,VT
Saxman,AK
Montrose,WI
Swanville,ME
Aventura,FL
Woodbridge,CT
Blue Ash,OH
Port Barrington,IL
Richmond Heights,OH
Langley Park,MD
Pepper Pike,OH
Rosemont,MD
Rockingham,VT
Boardman,OH
Bensley,VA
Metolius,OR
Heath,TX
Forty Fort,PA
Tinton Falls,NJ
Indian Point,MO
Eureka Mill,SC
Boston Heights,OH
Elsmere,DE
Leadington,MO
McHenry,IL
Saint James,NC
Trout Valley,IL
Thornburg,PA
Edgewood,KY
Alton North,TX
Washington,MA
Woodland,MN
Greater Northdale,FL
Norton Shores,MI
Berkeley Lake,GA
Farmington Hills,MI
Wintersville,OH
Yarmouth,MA
Oaklawn-Sunview,KS
Hainesville,IL
Granite Shoals,TX
Center Point,AL
McVeytown,PA
Indian Creek,IL
McAlisterville,PA
Fulton,WI
Montrose-Ghent,OH
Horseshoe Lake,AR
Walnut Grove,TN
Oak Leaf,TX
Hodgkins,IL
Bromley,KY
Ralston,NE
Hampton,MI
East Highland Park,VA
McCleary,WA
Navassa,NC
DeMotte,IN
Hopewell,IL
Rough and Ready,CA
South Shaftsbury,VT
Level Plains,AL
Bell Canyon,CA
West Haven,UT
Diamond Ridge,AK
Poland,OH
Shelburne,MA
Marble Cliff,OH
Richmond,RI
Avon,AL
Blairstown Township,NJ
Minor,AL
Canyon Lake,CA
Windcrest,TX
Bryn Mawr-Skyway,WA
Oak Valley,TX
Southampton Township,NJ
Godeffroy,NY
Swansea,IL
Northmoor,MO
North Brunswick Township,NJ
Moorestown Township,NJ
Sharpsburg,PA
Dallas,IA
Paramount-Long Meadow,MD
Greenfield,MN
Walnut Creek,NC
Campton Hills,IL
McKee,KY
Beverly Hills,MO
Wind Point,WI
River Heights,UT
Annetta South,TX
Brook Park,OH
South Mountain,TX
Dent,OH
Wahpeton,IA
University Heights,OH
Derby Center,VT
Oak Ridge North,TX
Woodlawn,MD
Ardentown,DE
Angus,TX
Edgewater,CO
Springdale,SC
Riverside Township,NJ
Town and Country,MO
Middleborough,MA
Mission Woods,KS
Dubre,KY
Fairmont City,IL
Zieglersville,PA
Otisfield,ME
Lisbon,CT
Rutledge,MN
Gresham Park,GA
Burien,WA
McCall Creek,MS
Lake Lotawana,MO
Norwood,OH
Susan Moore,AL
Midland,WA
Sunset Hills,MO
Georgia,VT
Gloria Glens Park,OH
Pingree Grove,IL
East Bangor,PA
Oak Grove,MN
Raytown,MO
Ocean Ridge,FL
Medford Lakes,NJ
Fairway,KS
The Hills,TX
Ranchos de Taos,NM
Brookside,OH
Fairview,TX
Carmody Hills-Pepper Mill Village,MD
Garland,TN
Au Sable,MI
"Washington, DC",VA
Redington Shores,FL
Gulfport,FL
McAllen,TX
Mayfield,OH
Township of Washington,NJ
East Ridge,TN
Veazie,ME
Milwaukie,OR
Brier,WA
Surfside,FL
South Bethany,DE
Waltham,VT
Vineyard,UT
Inverness,IL
Belleair,FL
Littleville,AL
Sugar Creek,WI
Leisuretowne,NJ
Socorro,TX
South Chicago Heights,IL
Sands Point,NY
Appleton,ME
Hobart,WI
Double Oak,TX
Egremont,MA
Southport,IN
Oldfort,TN
Mahtomedi,MN
McArthur,OH
Shamrock Lakes,IN
Halfway,MD
McDaniels,KY
Old Tappan,NJ
Arcade,GA
Iron Mountain Lake,MO
Eureka,TX
Jerome,IL
Orion,MI
Marvin,NC
Beech Mountain,NC
Hammondville,AL
McRoberts,KY
Benson,UT
Gibraltar,MI
Belmont,ME
Pleasant Valley,TX
Desloge,MO
Edgewood,WA
Lantana,TX
Medford Township,NJ
Copper Canyon,TX
McKenzie,AL
Spokane Valley,WA
East Griffin,GA
Broadview Park,FL
Callaway,FL
Normandy,MO
Lost Creek,TX
Plainfield,MI
North Brentwood,MD
Centertown,TN
Coopertown,TN
Glencoe,AL
Town 'n' Country,FL
Haverhill,FL
Lake Purdy,AL
East Garden City,NY
Jefferson,LA
Surf City,NJ
West Okoboji,IA
Cave in Rock,IL
Northwoods,MO
Belvedere,CA
Dortches,NC
McConnelsville,OH
Hunts Point,WA
The Village of Indian Hill,OH
Lake Como,NJ
Hermantown,MN
Maple Bluff,WI
Lincoln Park,TX
West Lake Hills,TX
Millwood,WA
Lake Darby,OH
Scenic,AZ
Verona,ME
Mount Cobb,PA
Village of Oakview,MO
Parchment,MI
Speedway,IN
McCool,MS
Warren Township,NJ
Forest Hill,TX
Meyers Lake,OH
Plumas Eureka,CA
Todd Creek,CO
East Tawakoni,TX
Fairmont,IL
Dry Run,OH
Beaver Dam,AZ
Dalworthington Gardens,TX
Sewalls Point,FL
Grape Creek,TX
North Potomac,MD
Sugar Hill,GA
"Salisbury, MD",DE
South Zanesville,OH
Union,CT
Howards Grove,WI
Bogue,NC
Morningside,MD
Westwood Hills,KS
Gun Club Estates,FL
North Bay Shore,NY
Miramar,FL
Palmhurst,TX
Hapeville,GA
Durham,OR
Linwood,PA
Russell,WI
Runaway Bay,TX
Elk Run Heights,IA
Forestdale,AL
Greater Galesburg,MI
Ammon,ID
Los Altos Hills,CA
King City,OR
Fremont Hills,MO
Howard,WI
West Peoria,IL
McCordsville,IN
Bethel Heights,AR
Arden,DE
North Barrington,IL
The Hammocks,FL
Ephesus,GA
Ham Lake,MN
Lino Lakes,MN
Ruth,NC
Aurora,TX
Moores Mill,AL
Fond du Lac,WI
Chevy Chase View,MD
Forest Lake,IL
Fredericktown-Millsboro,PA
East Brewton,AL
Brandon,MI
Marriott-Slaterville City,UT
Hebron,TX
Logan Elm Village,OH
Brighton,WI
Choctaw Lake,OH
Watertown,MI
Kentwood,MI
Mehlville,MO
Cajahs Mountain,NC
Glenarden,MD
Powells Crossroads,TN
Carneys Point,NJ
"Huntington, WV",OH
Deer Park,OH
Put in Bay,OH
Pine Ridge,SC
Hartland,CT
Port Vincent,LA
McLeod,MT
Riverdale,IA
Uintah,UT
Harmony,WI
Westwood Lake,FL
Lake Tanglewood,TX
Lakeside,VA
Allouez,WI
West Carrollton,OH
Jupiter Island,FL
Cornwall on Hudson,NY
Mariaville,ME
Vienna,LA
Dummerston,VT
Lafayette Township,NJ
Foxfire,NC
Combine,TX
Brookfield,NH
Valley Brook,OK
Southern Shores,NC
Fleming-Neon,KY
Phillipston,MA
Embden,ME
Superior,MI
Mount Oliver,PA
Wurtland,KY
Laurel Hollow,NY
Cooper City,FL
Darnestown,MD
Lemington,VT
New Carrollton,MD
Pleasant Springs,WI
Jennings,MO
West Point,UT
Tega Cay,SC
Woodland Township,NJ
Yarrow Point,WA
Platte Woods,MO
Highland Lake,NJ
Edisto Beach,SC
Log Cabin,TX
Welby,CO
Branchburg Township,NJ
Lochbuie,CO
Watauga,TX
Remerton,GA
Saint Augustine Beach,FL
Glenn Heights,TX
North Oaks,MN
Springdale,MD
Oquirrh,UT
Woodhaven,MI
Estral Beach,MI
Ladera Heights,CA
Eastampton Township,NJ
Cross Lake,MN
Keys,OK
Barton,WI
Upper Saddle River,NJ
Tolland,MA
Hillsboro Pines,FL
Marbleton,WY
Gearhart,OR
Prairie du Sac,WI
Shoreview,MN
North Utica,IL
Lynchburg,MS
Belle Isle,FL
Benton,ME
Enchanted Oaks,TX
Brookline,VT
Kimball,TN
South Ogden,UT
Berwyn Heights,MD
Byrnes Mill,MO
West Easton,PA
Taylortown,NC
Humboldt,WI
Edmundson,MO
Fairview,AL
Carroll,NH
Landgrove,VT
Bellevue,WI
Hawley,MA
Crescent Lake,OR
Naplate,IL
Tilton-Northfield,NH
Wesley Chapel,NC
West Athens,CA
Masaryktown,FL
Braswell,GA
Crystal Lake Park,MO
Charleston,VT
West Jefferson,AL
Meridian,CO
Isla Vista,CA
Paris,WI
Eagan,MN
Live Oak,TX
Puako,HI
Miami Shores,FL
DeRidder,LA
Pleasant Valley,WV
Geneva-on-the-Lake,OH
Mosel,WI
Jamesburg,NJ
Cottonwood Heights,UT
Ojus,FL
Woodlawn,OH
Sutton,NH
Brownsville,FL
South Huntington,NY
River Hills,WI
Thorntonville,TX
Glenwillow,OH
Westlake,TX
Countryside,IL
Palm Shores,FL
West Dundee,IL
Moore,OK
Roseville,MN
Mc Rae,GA
Seven Hills,OH
Millersburg,OR
Ottawa Hills,OH
Austintown,OH
Timberlane,IL
Green Hill,TN
Stonewood,WV
Sheridan,CO
Tisbury,MA
Griswold,CT
Wood Village,OR
Norton,OH
Pottawattamie Park,IN
Silverton,OH
Hudson Bend,TX
Monfort Heights East,OH
Dickson,OK
Boscawen,NH
Zeb,OK
Prairie du Rocher,IL
Williamsville,NY
Greenwood Village,CO
North Muskegon,MI
Landover Hills,MD
Dover,WI
Waterford,VT
East Hazel Crest,IL
Chesterville,ME
Sparks,TX
Castle Hills,TX
Glendale,MO
Nekimi,WI
Hackberry,TX
North Bay Village,FL
Grant-Valkaria,FL
Waite Hill,OH
Freemansburg,PA
Buchanan,WI
Guttenberg,NJ
Mountain City,TX
Amherst,ME
Daniel,UT
Holmdel Township,NJ
Apple Valley,UT
L'' Anse,MI
Cumberland,IN
Westhampton,MA
Fort Polk South,LA
Eaton,WI
Cankton,LA
Woodmere,OH
Lake Ripley,WI
Drexel,OH
Hopkinton,NH
Wesley Hills,NY
Groesbeck,OH
Rio Bravo,TX
McGregor,IA
Linn,WI
Gumspring,VA
Saint Paul,TX
Lake Waukomis,MO
Marmet,WV
Leo-Cedarville,IN
Ruston,WA
McRae,AR
Surfside Beach,TX
Mine Hill Township,NJ
Upper Falls,WV
Harrisville,UT
Benton,NH
Roeland Park,KS
Blaine,MN
Pistakee Highlands,IL
Manchester,MO
Mount Zion,IL
Surfside Beach,SC
Bay View,OH
Northridge,OH
Gulivoire Park,IN
Lakewood Ranch,FL
McKeesport,PA
Berryville,TX
Covington,WA
Camp Springs,MD
White Hall,WV
Volente,TX
West Saint Paul,MN
Nichols Hills,OK
Argentine,MI
South Floral Park,NY
Lockland,OH
Whitehall,MD
Kenneth City,FL
South Tucson,AZ
Bellefonte,KY
Tangelo Park,FL
Groton,NH
Elmwood,LA
New Boston,OH
Gholson,TX
Tower Lakes,IL
Addison,WI
Elmira Heights,NY
Centerville,OH
Willowbrook,CA
Lake Park,NC
Lake Koshkonong,WI
Norway,WI
Somerville,ME
Merrionette Park,IL
Willow Park,TX
White Water,CA
Clarks Green,PA
Sharon,NH
Dunwoody,GA
Glendale,OH
Tierra Verde,FL
Leyden,MA
Highland Village,TX
Stansbury Park,UT
Duquesne,MO
Hillsborough Township,NJ
Summit,SC
Trainer,PA
West Little River,FL
Lake Belvedere Estates,FL
Hawthorn Woods,IL
Holland,WI
Cashion Community,TX
Lauderdale Lakes,FL
West Miami,FL
Washington Terrace,UT
Unionville,NC
Jumpertown,MS
Keystone,CO
Reno,TX
Summit,IL
Bridgewater,NH
Thiensville,WI
McDaniel,MD
Sciotodale,OH
Dalton,NH
Collingdale,PA
Falcon Heights,MN
Chillum,MD
Highland Heights,KY
Elk Ridge,UT
Coffee City,TX
Sharonville,OH
New Hope,MN
Mount Healthy,OH
McDowell,KY
South Weber,UT
Cascade,MI
Princes Lakes,IN
Priceville,AL
Dania Beach,FL
Bay Wood,NY
Bluffdale,UT
Chubbuck,ID
Lochearn,MD
Oakwood Park,MO
Lake Arbor,MD
Village of Four Seasons,MO
Erin,WI
Westview,FL
Merriam Woods Village,MO
Laflin,PA
Shawnee Hills,OH
South Barrington,IL
Center Point,IN
Woodson Terrace,MO
Lincolnia,VA
Glenaire,MO
Calverton Park,MO
Yardley,PA
Pittman Center,TN
Rockcreek,OR
Weybridge,VT
Caswell Beach,NC
Lakeview Heights,KY
South Bloomfield,OH
Plainview,TN
Sky Valley,GA
Dardenne Prairie,MO
Midway,OH
Berkeley,MO
Pringle,PA
Parma,OH
Pantego,TX
Wheelock,VT
Oakland,OK
Medicine Lake,MN
Burnettown,SC
Killingly,CT
Wolf Lake,MI
Wyoming,DE
Hulmeville,PA
McArthur,CA
Bull Valley,IL
Lake Clarke Shores,FL
Greenfield,WI
Ingram,PA
Bala-Cynwyd,PA
New Cordell,OK
Pleasant Valley,MO
Glendale,CO
Del City,OK
Hidden Hills,CA
Trent Woods,NC
Lake Angelus,MI
Bee Cave,TX
Tool,TX
Winchester,CT
Lathrup Village,MI
Lakeport,TX
Aspinwall,PA
Muscoy,CA
Croton-on-Hudson,NY
Hickory Creek,TX
New Chicago,IN
Dorchester,NH
Pinecrest,FL
Bowers,DE
Springdale,OH
Tamarac,FL
Magnolia,WI
Fountain Hill,PA
Cleveland Heights,OH
Long Beach Township,NJ
Mapleview,MN
Mounds View,MN
River Vale,NJ
Colony,AL
Coyne Center,IL
Biscayne Park,FL
Dover-Foxcroft,ME
Bradbury,CA
Saint Martins,MO
Katskill Bay,NY
Rolling Hills,CA
Martinez,GA
Blackhawk,SD
Adair Village,OR
Beal City,MI
Brooklyn Heights,OH
Kronenwetter,WI
Bloomfield,WI
Newcastle,WA
Limestone Creek,FL
McMillan,MI
Squaw Valley,CA
Birmingham,MO
East Windsor Township,NJ
St. George,UT
Boise City,ID
West Bountiful,UT
Round Lake Park,IL
Glocester,RI
White Lake,NC
Rolling Hills Estates,CA
Bartonville,TX
St Johnsbury,VT
Sandgate,VT
Rosa,AL
Lake Wissota,WI
Mettawa,IL
Tuckahoe,VA
Plymouth,MN
Bratenahl,OH
Battlefield,MO
Spring Bay,IL
De Witt,IL
Dune Acres,IN
Fairchilds,TX
Fort Wright,KY
Williamsburg,CO
Ardencroft,DE
North High Shoals,GA
Laurel Park,NC
Mt Chase Plantation,ME
Lakewood Club,MI
East Hanover Township,NJ
Rice Lake,MN
Marina del Rey,CA
Mackenzie,MO
Bayside,WI
Bartonville,IL
Clyde Hill,WA
Vandenbroek,WI
Weston,WI
Star Valley,AZ
Le Roy,MI
Sherrelwood,CO
Clifton,ME
Union Gap,WA
Valley Hill,NC
Bellwood,VA
Enosburg,VT
Lexington,OH
Kensington,CA
Frontenac,MO
La Habra Heights,CA
Irwindale,CA
Dupont,PA
Menands,NY
Peru,MA
Lexington,MN
Lamoine,ME
West Homestead,PA
Superior,CO
Eldon,OK
O'' Neill,NE
South Vinemont,AL
Orland Hills,IL
Lake Shangrila,WI
Meadows of Dan,VA
Highland Beach,FL
Shadeland,IN
Red Bank,TN
Edgewood,IN
Seat Pleasant,MD
Wales,ME
Crafton,PA
Crestview Hills,KY
Frederickson,WA
Eastview,TN
Orchard City,CO
Brookfield Center,OH
Forest Park,OK
Stark,NH
Berlin,VT
Tuftonboro,NH
Vienna,WI
St. Louis,MO
Farr West,UT
Lincoln,ND
Mint Hill,NC
Nectar,AL
Kirkwood,MO
Huntington Bay,NY
Middleburg Heights,OH
Matamoras,OH
Arlington Heights,OH
Lakeway,TX
Star City,WV
Bexley,OH
Robinson,TX
New Houlka,MS
Atascocita,TX
Marquette Heights,IL
Taylorsville,UT
Merrill,NY
Johns Creek,GA
Surf City,NC
Otis Orchards-East Farms,WA
Dunes City,OR
Ludlow,KY
Cool Valley,MO
Mentor-on-the-Lake,OH
Lakeshire,MO
Carrabassett Valley,ME
Riviera Beach,FL
North Haledon,NJ
Brookside Village,TX
Cleora,OK
Kirtland,OH
East Lansdowne,PA
Edgeworth,PA
Belle Terre,NY
La Prairie,MN
Willimantic,ME
West Gardiner,ME
Parkland,WA
Kinsey,AL
Coral Hills,MD
Newington,NH
Oakville,MO
Park City,IL
Glendon,PA
Trotwood,OH
Sunny Isles Beach,FL
Santa Clara,TX
Lindenhurst,IL
Stickney,IL
Evendale,OH
Rock Creek,AL
Latonia Lakes,KY
Yorkville,WI
Whiting,NJ
Pebble Creek,FL
Maeser,UT
Centerville,MN
Glenburn,ME
Peletier,NC
Mustang Ridge,TX
Shaker Heights,OH
Upper Brookville,NY
Burnham,IL
Wildwood,MO
Northglenn,CO
Wood Heights,MO
Hillsborough,CA
Belleair Bluffs,FL
Cold Spring,KY
Security-Widefield,CO
Bertram,IA
Greendale,MO
Hollis,ME
West Windsor,VT
Big Water,UT
Commerce,MI
Lakewood,CO
Whitehall,OH
Bradford,WI
Little Flock,AR
Gulf Stream,FL
Crescent Springs,KY
Maplewood,MO
Brookford,NC
Mesic,NC
Colmar Manor,MD
South Hampton,NH
Round Lake Heights,IL
Indian Harbour Beach,FL
Village of Pewaukee,WI
San Leanna,TX
Aquilla,OH
Farmington,WI
Hubbardton,VT
Arundel,ME
Pink,OK
Shrewsbury,MO
Woodstock,ME
Daytona Beach Shores,FL
West Milwaukee,WI
Wellston,MO
Green Valley,CA
Norridge,IL
Doraville,GA
Holladay,UT
Brown Deer,WI
Lilydale,MN
New Preston,CT
Darmstadt,IN
Harahan,LA
Shoreacres,TX
Robbinsdale,MN
Trenton,WI
White City,UT
Barker Heights,NC
Washington Park,NC
Vadnais Heights,MN
Warr Acres,OK
West Pelzer,SC
Vienna Center,OH
Taylor Lake Village,TX
North Bethesda,MD
DuBois,PA
Patterson Springs,NC
Cottage City,MD
McGill,NV
Plantation Mobile Home Park,FL
McQueeney,TX
Guadalupe,AZ
Cahokia,IL
Alexandria,NH
Cheviot,OH
Hunters Hollow,KY
McPherson,KS
Fort Shawnee,OH
Fairview Lanes,OH
McColl,SC
Northview,MI
Tonka Bay,MN
Annetta,TX
North Irwin,PA
Summerset,SD
Shorewood,MN
Ives Estates,FL
Tigard,OR
Orange,VT
Sawmills,NC
Ellington,WI
McLean,VA
Tallmadge,MI
Trooper,PA
McGehee,AR
Lincolnville,SC
Fairfield Harbour,NC
Chincoteague,VA
Cooper,MI
Summerside,OH
Doral,FL
Rochester Hills,MI
Walton Hills,OH
Greendale,IN
Tiki Island,TX
Enoch,UT
Edwardsville,PA
Lake in the Hills,IL
South Williamsport,PA
Lumberton Township,NJ
Bar Nunn,WY
Northgate,OH
Gisela,AZ
Amberley,OH
Edgemere,MD
Crestwood,MO
Iowa Colony,TX
Kildeer,IL
Hidden Valley,IN
Hills and Dales,OH
Hillsdale,MO
Otsego,MN
Geneva,WI
McGuffey,OH
Killian,LA
Coburg,OR
Bushyhead,OK
Fanning Springs,FL
Worthington,OH
Lake Winnebago,MO
Highland Park,FL
Eastbrook,ME
Mount Carmel,OH
Manchester,NJ
West Mountain,UT
Saint Paul,MO
La Grange,WY
Jonestown,TX
Village of Lakewood,IL
